,StrategyName,InvestmentManager,TradingDay,WindCode,SecuType,TargetWeight
0,Linear Optimization,IV001,2022/1/4,000425.SZ,STOCK,0.0034531
1,Linear Optimization,IV001,2022/1/4,000568.SZ,STOCK,0.02
2,Linear Optimization,IV001,2022/1/4,000708.SZ,STOCK,0.0067468
3,Linear Optimization,IV001,2022/1/4,000858.SZ,STOCK,0.02
4,Linear Optimization,IV001,2022/1/4,600030.SH,STOCK,0.02
5,Linear Optimization,IV001,2022/1/4,600036.SH,STOCK,0.02
6,Linear Optimization,IV001,2022/1/4,600109.SH,STOCK,0.002616
7,Linear Optimization,IV001,2022/1/4,600276.SH,STOCK,0.02
8,Linear Optimization,IV001,2022/1/4,600309.SH,STOCK,0.008220286
9,Linear Optimization,IV001,2022/1/4,600436.SH,STOCK,6.94E-18
10,Linear Optimization,IV001,2022/1/4,600489.SH,STOCK,0.02
11,Linear Optimization,IV001,2022/1/4,600519.SH,STOCK,0.02
12,Linear Optimization,IV001,2022/1/4,600690.SH,STOCK,0.0146531
13,Linear Optimization,IV001,2022/1/4,600795.SH,STOCK,0.0014019
14,Linear Optimization,IV001,2022/1/4,600809.SH,STOCK,0.02
15,Linear Optimization,IV001,2022/1/4,600848.SH,STOCK,0.0184123
16,Linear Optimization,IV001,2022/1/4,600872.SH,STOCK,0.02
17,Linear Optimization,IV001,2022/1/4,600887.SH,STOCK,1.39E-17
18,Linear Optimization,IV001,2022/1/4,600900.SH,STOCK,0.02
19,Linear Optimization,IV001,2022/1/4,600143.SH,STOCK,0.009005714
20,Linear Optimization,IV001,2022/1/4,002044.SZ,STOCK,0.0132778
21,Linear Optimization,IV001,2022/1/4,601988.SH,STOCK,0.02
22,Linear Optimization,IV001,2022/1/4,601398.SH,STOCK,0.02
23,Linear Optimization,IV001,2022/1/4,601628.SH,STOCK,0.02
24,Linear Optimization,IV001,2022/1/4,601318.SH,STOCK,0.02
25,Linear Optimization,IV001,2022/1/4,601919.SH,STOCK,0.0066539
26,Linear Optimization,IV001,2022/1/4,601939.SH,STOCK,0.02
27,Linear Optimization,IV001,2022/1/4,601088.SH,STOCK,0.00606
28,Linear Optimization,IV001,2022/1/4,601857.SH,STOCK,0.0122109
29,Linear Optimization,IV001,2022/1/4,002202.SZ,STOCK,3.47E-18
30,Linear Optimization,IV001,2022/1/4,601601.SH,STOCK,6.94E-18
31,Linear Optimization,IV001,2022/1/4,601899.SH,STOCK,0.0137441
32,Linear Optimization,IV001,2022/1/4,601668.SH,STOCK,0.0145339
33,Linear Optimization,IV001,2022/1/4,601633.SH,STOCK,0.014138
34,Linear Optimization,IV001,2022/1/4,601888.SH,STOCK,0.0118473
35,Linear Optimization,IV001,2022/1/4,002304.SZ,STOCK,6.94E-18
36,Linear Optimization,IV001,2022/1/4,601618.SH,STOCK,2.08E-17
37,Linear Optimization,IV001,2022/1/4,300014.SZ,STOCK,0.0136856
38,Linear Optimization,IV001,2022/1/4,300015.SZ,STOCK,1.39E-17
39,Linear Optimization,IV001,2022/1/4,601877.SH,STOCK,2.51E-15
40,Linear Optimization,IV001,2022/1/4,002352.SZ,STOCK,0.02
41,Linear Optimization,IV001,2022/1/4,300059.SZ,STOCK,0.02
42,Linear Optimization,IV001,2022/1/4,002415.SZ,STOCK,0.02
43,Linear Optimization,IV001,2022/1/4,002459.SZ,STOCK,0.02
44,Linear Optimization,IV001,2022/1/4,601012.SH,STOCK,0.02
45,Linear Optimization,IV001,2022/1/4,601288.SH,STOCK,0.02
46,Linear Optimization,IV001,2022/1/4,002475.SZ,STOCK,0.02
47,Linear Optimization,IV001,2022/1/4,002568.SZ,STOCK,0.0061995
48,Linear Optimization,IV001,2022/1/4,002594.SZ,STOCK,0.02
49,Linear Optimization,IV001,2022/1/4,002607.SZ,STOCK,0.0028611
50,Linear Optimization,IV001,2022/1/4,002624.SZ,STOCK,0.0099396
51,Linear Optimization,IV001,2022/1/4,601231.SH,STOCK,0.02
52,Linear Optimization,IV001,2022/1/4,300316.SZ,STOCK,3.47E-18
53,Linear Optimization,IV001,2022/1/4,603288.SH,STOCK,0.02
54,Linear Optimization,IV001,2022/1/4,601865.SH,STOCK,0.02
55,Linear Optimization,IV001,2022/1/4,000333.SZ,STOCK,0.02
56,Linear Optimization,IV001,2022/1/4,603899.SH,STOCK,0.0028611
57,Linear Optimization,IV001,2022/1/4,002791.SZ,STOCK,0.0133051
58,Linear Optimization,IV001,2022/1/4,603338.SH,STOCK,0.02
59,Linear Optimization,IV001,2022/1/4,002812.SZ,STOCK,0.02
60,Linear Optimization,IV001,2022/1/4,603019.SH,STOCK,0.0185011
61,Linear Optimization,IV001,2022/1/4,603501.SH,STOCK,0.0023352
62,Linear Optimization,IV001,2022/1/4,300628.SZ,STOCK,0.0093258
63,Linear Optimization,IV001,2022/1/4,601162.SH,STOCK,0.02
64,Linear Optimization,IV001,2022/1/4,300888.SZ,STOCK,0.0030492
65,Linear Optimization,IV001,2022/1/4,300677.SZ,STOCK,0.02
66,Linear Optimization,IV001,2022/1/4,300760.SZ,STOCK,0.02
67,Linear Optimization,IV001,2022/1/4,603259.SH,STOCK,0.02
68,Linear Optimization,IV001,2022/1/4,300750.SZ,STOCK,0.02
69,Linear Optimization,IV001,2022/1/4,601698.SH,STOCK,0.0157014
70,Linear Optimization,IV001,2022/1/4,601138.SH,STOCK,1.69E-31
71,Linear Optimization,IV001,2022/1/4,300866.SZ,STOCK,0.02
72,Linear Optimization,IV001,2022/1/4,601658.SH,STOCK,0.0086962
73,Linear Optimization,IV001,2022/1/4,300999.SZ,STOCK,0.016564
74,Linear Optimization,IV001,2022/1/4,688981.SH,STOCK,0.02
75,Linear Optimization,IV001,2022/1/5,000425.SZ,STOCK,0.0034531
76,Linear Optimization,IV001,2022/1/5,000568.SZ,STOCK,0.02
77,Linear Optimization,IV001,2022/1/5,000708.SZ,STOCK,0.0067468
78,Linear Optimization,IV001,2022/1/5,000858.SZ,STOCK,0.02
79,Linear Optimization,IV001,2022/1/5,000977.SZ,STOCK,1.77E-15
80,Linear Optimization,IV001,2022/1/5,600030.SH,STOCK,0.02
81,Linear Optimization,IV001,2022/1/5,600036.SH,STOCK,0.02
82,Linear Optimization,IV001,2022/1/5,600109.SH,STOCK,0.02
83,Linear Optimization,IV001,2022/1/5,600276.SH,STOCK,0.02
84,Linear Optimization,IV001,2022/1/5,600309.SH,STOCK,0.007109639
85,Linear Optimization,IV001,2022/1/5,600436.SH,STOCK,3.35E-16
86,Linear Optimization,IV001,2022/1/5,600489.SH,STOCK,0.02
87,Linear Optimization,IV001,2022/1/5,600519.SH,STOCK,0.02
88,Linear Optimization,IV001,2022/1/5,600690.SH,STOCK,0.0146531
89,Linear Optimization,IV001,2022/1/5,600795.SH,STOCK,0.0014019
90,Linear Optimization,IV001,2022/1/5,600809.SH,STOCK,0.02
91,Linear Optimization,IV001,2022/1/5,600848.SH,STOCK,0.0184123
92,Linear Optimization,IV001,2022/1/5,600872.SH,STOCK,0.02
93,Linear Optimization,IV001,2022/1/5,600900.SH,STOCK,0.02
94,Linear Optimization,IV001,2022/1/5,600143.SH,STOCK,0.010116361
95,Linear Optimization,IV001,2022/1/5,002044.SZ,STOCK,6.94E-18
96,Linear Optimization,IV001,2022/1/5,601988.SH,STOCK,0.02
97,Linear Optimization,IV001,2022/1/5,601398.SH,STOCK,0.02
98,Linear Optimization,IV001,2022/1/5,601628.SH,STOCK,0.02
99,Linear Optimization,IV001,2022/1/5,601318.SH,STOCK,0.02
100,Linear Optimization,IV001,2022/1/5,601919.SH,STOCK,0.0066539
101,Linear Optimization,IV001,2022/1/5,601939.SH,STOCK,0.02
102,Linear Optimization,IV001,2022/1/5,601088.SH,STOCK,0.00606
103,Linear Optimization,IV001,2022/1/5,601857.SH,STOCK,0.0122109
104,Linear Optimization,IV001,2022/1/5,002202.SZ,STOCK,0.0136856
105,Linear Optimization,IV001,2022/1/5,601899.SH,STOCK,0.0137441
106,Linear Optimization,IV001,2022/1/5,601668.SH,STOCK,0.0145339
107,Linear Optimization,IV001,2022/1/5,601633.SH,STOCK,0.014138
108,Linear Optimization,IV001,2022/1/5,601888.SH,STOCK,0.0118473
109,Linear Optimization,IV001,2022/1/5,002352.SZ,STOCK,0.02
110,Linear Optimization,IV001,2022/1/5,300059.SZ,STOCK,0.02
111,Linear Optimization,IV001,2022/1/5,002415.SZ,STOCK,0.02
112,Linear Optimization,IV001,2022/1/5,002459.SZ,STOCK,0.02
113,Linear Optimization,IV001,2022/1/5,601012.SH,STOCK,0.02
114,Linear Optimization,IV001,2022/1/5,601288.SH,STOCK,0.02
115,Linear Optimization,IV001,2022/1/5,002475.SZ,STOCK,0.02
116,Linear Optimization,IV001,2022/1/5,002568.SZ,STOCK,0.0061995
117,Linear Optimization,IV001,2022/1/5,002594.SZ,STOCK,0.02
118,Linear Optimization,IV001,2022/1/5,002607.SZ,STOCK,0.0028611
119,Linear Optimization,IV001,2022/1/5,002624.SZ,STOCK,0.0099396
120,Linear Optimization,IV001,2022/1/5,601231.SH,STOCK,0.02
121,Linear Optimization,IV001,2022/1/5,603288.SH,STOCK,0.02
122,Linear Optimization,IV001,2022/1/5,002709.SZ,STOCK,1.04E-17
123,Linear Optimization,IV001,2022/1/5,601865.SH,STOCK,0.02
124,Linear Optimization,IV001,2022/1/5,000333.SZ,STOCK,0.02
125,Linear Optimization,IV001,2022/1/5,603899.SH,STOCK,0.0028611
126,Linear Optimization,IV001,2022/1/5,002791.SZ,STOCK,0.0133051
127,Linear Optimization,IV001,2022/1/5,603338.SH,STOCK,0.02
128,Linear Optimization,IV001,2022/1/5,002812.SZ,STOCK,0.02
129,Linear Optimization,IV001,2022/1/5,603019.SH,STOCK,0.0185011
130,Linear Optimization,IV001,2022/1/5,300558.SZ,STOCK,0.0132778
131,Linear Optimization,IV001,2022/1/5,603501.SH,STOCK,0.0023352
132,Linear Optimization,IV001,2022/1/5,300628.SZ,STOCK,0.0093258
133,Linear Optimization,IV001,2022/1/5,601162.SH,STOCK,0.002616
134,Linear Optimization,IV001,2022/1/5,300888.SZ,STOCK,0.0030492
135,Linear Optimization,IV001,2022/1/5,300677.SZ,STOCK,0.02
136,Linear Optimization,IV001,2022/1/5,300760.SZ,STOCK,0.02
137,Linear Optimization,IV001,2022/1/5,603259.SH,STOCK,0.02
138,Linear Optimization,IV001,2022/1/5,300750.SZ,STOCK,0.02
139,Linear Optimization,IV001,2022/1/5,601698.SH,STOCK,0.0157014
140,Linear Optimization,IV001,2022/1/5,300866.SZ,STOCK,0.02
141,Linear Optimization,IV001,2022/1/5,601658.SH,STOCK,0.0086962
142,Linear Optimization,IV001,2022/1/5,300999.SZ,STOCK,0.016564
143,Linear Optimization,IV001,2022/1/5,688981.SH,STOCK,0.02
144,Linear Optimization,IV001,2022/1/6,000002.SZ,STOCK,6.94E-18
145,Linear Optimization,IV001,2022/1/6,000425.SZ,STOCK,0.0034531
146,Linear Optimization,IV001,2022/1/6,000568.SZ,STOCK,0.02
147,Linear Optimization,IV001,2022/1/6,000708.SZ,STOCK,0.0067468
148,Linear Optimization,IV001,2022/1/6,000858.SZ,STOCK,0.02
149,Linear Optimization,IV001,2022/1/6,600030.SH,STOCK,0.02
150,Linear Optimization,IV001,2022/1/6,600036.SH,STOCK,0.02
151,Linear Optimization,IV001,2022/1/6,600109.SH,STOCK,0.02
152,Linear Optimization,IV001,2022/1/6,600309.SH,STOCK,0.017226
153,Linear Optimization,IV001,2022/1/6,600406.SH,STOCK,0.01299824
154,Linear Optimization,IV001,2022/1/6,600489.SH,STOCK,0.02
155,Linear Optimization,IV001,2022/1/6,600519.SH,STOCK,0.02
156,Linear Optimization,IV001,2022/1/6,600690.SH,STOCK,0.0146531
157,Linear Optimization,IV001,2022/1/6,600795.SH,STOCK,0.0014019
158,Linear Optimization,IV001,2022/1/6,600809.SH,STOCK,0.02
159,Linear Optimization,IV001,2022/1/6,600848.SH,STOCK,0.0184123
160,Linear Optimization,IV001,2022/1/6,600872.SH,STOCK,0.02
161,Linear Optimization,IV001,2022/1/6,600900.SH,STOCK,0.02
162,Linear Optimization,IV001,2022/1/6,002044.SZ,STOCK,0.02
163,Linear Optimization,IV001,2022/1/6,601988.SH,STOCK,0.02
164,Linear Optimization,IV001,2022/1/6,601398.SH,STOCK,0.02
165,Linear Optimization,IV001,2022/1/6,601628.SH,STOCK,0.02
166,Linear Optimization,IV001,2022/1/6,601318.SH,STOCK,0.02
167,Linear Optimization,IV001,2022/1/6,601919.SH,STOCK,0.0066539
168,Linear Optimization,IV001,2022/1/6,601939.SH,STOCK,0.02
169,Linear Optimization,IV001,2022/1/6,601088.SH,STOCK,0.00606
170,Linear Optimization,IV001,2022/1/6,601857.SH,STOCK,0.0122109
171,Linear Optimization,IV001,2022/1/6,002202.SZ,STOCK,0.00068736
172,Linear Optimization,IV001,2022/1/6,601899.SH,STOCK,0.0137441
173,Linear Optimization,IV001,2022/1/6,601668.SH,STOCK,0.0145339
174,Linear Optimization,IV001,2022/1/6,601633.SH,STOCK,0.014138
175,Linear Optimization,IV001,2022/1/6,601888.SH,STOCK,0.0118473
176,Linear Optimization,IV001,2022/1/6,002304.SZ,STOCK,6.94E-18
177,Linear Optimization,IV001,2022/1/6,002352.SZ,STOCK,0.02
178,Linear Optimization,IV001,2022/1/6,601688.SH,STOCK,6.94E-18
179,Linear Optimization,IV001,2022/1/6,300059.SZ,STOCK,0.02
180,Linear Optimization,IV001,2022/1/6,002415.SZ,STOCK,0.02
181,Linear Optimization,IV001,2022/1/6,002414.SZ,STOCK,0.0157014
182,Linear Optimization,IV001,2022/1/6,002459.SZ,STOCK,0.02
183,Linear Optimization,IV001,2022/1/6,601012.SH,STOCK,0.02
184,Linear Optimization,IV001,2022/1/6,601288.SH,STOCK,0.02
185,Linear Optimization,IV001,2022/1/6,002475.SZ,STOCK,0.02
186,Linear Optimization,IV001,2022/1/6,002594.SZ,STOCK,0.02
187,Linear Optimization,IV001,2022/1/6,002607.SZ,STOCK,0.0028611
188,Linear Optimization,IV001,2022/1/6,002624.SZ,STOCK,0.0099396
189,Linear Optimization,IV001,2022/1/6,601669.SH,STOCK,5.20E-18
190,Linear Optimization,IV001,2022/1/6,601231.SH,STOCK,0.02
191,Linear Optimization,IV001,2022/1/6,603288.SH,STOCK,0.02
192,Linear Optimization,IV001,2022/1/6,002709.SZ,STOCK,3.47E-18
193,Linear Optimization,IV001,2022/1/6,601865.SH,STOCK,0.02
194,Linear Optimization,IV001,2022/1/6,000333.SZ,STOCK,0.02
195,Linear Optimization,IV001,2022/1/6,603899.SH,STOCK,0.0028611
196,Linear Optimization,IV001,2022/1/6,002791.SZ,STOCK,0.0133051
197,Linear Optimization,IV001,2022/1/6,603160.SH,STOCK,0.0023352
198,Linear Optimization,IV001,2022/1/6,603986.SH,STOCK,1.81E-15
199,Linear Optimization,IV001,2022/1/6,603338.SH,STOCK,0.02
200,Linear Optimization,IV001,2022/1/6,002812.SZ,STOCK,0.02
201,Linear Optimization,IV001,2022/1/6,603658.SH,STOCK,0.0132778
202,Linear Optimization,IV001,2022/1/6,603019.SH,STOCK,0.0185011
203,Linear Optimization,IV001,2022/1/6,300558.SZ,STOCK,6.94E-18
204,Linear Optimization,IV001,2022/1/6,603517.SH,STOCK,0.0061995
205,Linear Optimization,IV001,2022/1/6,603501.SH,STOCK,4.01E-16
206,Linear Optimization,IV001,2022/1/6,300628.SZ,STOCK,0.0093258
207,Linear Optimization,IV001,2022/1/6,601162.SH,STOCK,0.002616
208,Linear Optimization,IV001,2022/1/6,300888.SZ,STOCK,0.0030492
209,Linear Optimization,IV001,2022/1/6,300677.SZ,STOCK,0.02
210,Linear Optimization,IV001,2022/1/6,300760.SZ,STOCK,0.02
211,Linear Optimization,IV001,2022/1/6,603259.SH,STOCK,0.02
212,Linear Optimization,IV001,2022/1/6,300750.SZ,STOCK,0.02
213,Linear Optimization,IV001,2022/1/6,300866.SZ,STOCK,0.02
214,Linear Optimization,IV001,2022/1/6,601658.SH,STOCK,0.0086962
215,Linear Optimization,IV001,2022/1/6,300999.SZ,STOCK,0.016564
216,Linear Optimization,IV001,2022/1/6,688981.SH,STOCK,0.02
217,Linear Optimization,IV001,2022/1/7,000425.SZ,STOCK,0.0034531
218,Linear Optimization,IV001,2022/1/7,000568.SZ,STOCK,0.02
219,Linear Optimization,IV001,2022/1/7,000708.SZ,STOCK,0.0067468
220,Linear Optimization,IV001,2022/1/7,000858.SZ,STOCK,0.02
221,Linear Optimization,IV001,2022/1/7,600030.SH,STOCK,0.02
222,Linear Optimization,IV001,2022/1/7,600036.SH,STOCK,0.02
223,Linear Optimization,IV001,2022/1/7,600109.SH,STOCK,0.02
224,Linear Optimization,IV001,2022/1/7,600309.SH,STOCK,0.017226
225,Linear Optimization,IV001,2022/1/7,600489.SH,STOCK,0.02
226,Linear Optimization,IV001,2022/1/7,600519.SH,STOCK,0.02
227,Linear Optimization,IV001,2022/1/7,600690.SH,STOCK,0.0146531
228,Linear Optimization,IV001,2022/1/7,600795.SH,STOCK,0.0014019
229,Linear Optimization,IV001,2022/1/7,600809.SH,STOCK,0.02
230,Linear Optimization,IV001,2022/1/7,600848.SH,STOCK,0.0184123
231,Linear Optimization,IV001,2022/1/7,600872.SH,STOCK,0.02
232,Linear Optimization,IV001,2022/1/7,600900.SH,STOCK,0.02
233,Linear Optimization,IV001,2022/1/7,002044.SZ,STOCK,0.02
234,Linear Optimization,IV001,2022/1/7,601988.SH,STOCK,0.02
235,Linear Optimization,IV001,2022/1/7,601398.SH,STOCK,0.02
236,Linear Optimization,IV001,2022/1/7,601628.SH,STOCK,0.02
237,Linear Optimization,IV001,2022/1/7,601318.SH,STOCK,0.02
238,Linear Optimization,IV001,2022/1/7,601919.SH,STOCK,0.0066539
239,Linear Optimization,IV001,2022/1/7,601939.SH,STOCK,0.02
240,Linear Optimization,IV001,2022/1/7,601088.SH,STOCK,0.00606
241,Linear Optimization,IV001,2022/1/7,601857.SH,STOCK,0.0122109
242,Linear Optimization,IV001,2022/1/7,002202.SZ,STOCK,0.0136856
243,Linear Optimization,IV001,2022/1/7,601601.SH,STOCK,3.47E-18
244,Linear Optimization,IV001,2022/1/7,601899.SH,STOCK,0.0137441
245,Linear Optimization,IV001,2022/1/7,601668.SH,STOCK,0.0145339
246,Linear Optimization,IV001,2022/1/7,601633.SH,STOCK,0.014138
247,Linear Optimization,IV001,2022/1/7,601888.SH,STOCK,0.0118473
248,Linear Optimization,IV001,2022/1/7,002304.SZ,STOCK,6.94E-18
249,Linear Optimization,IV001,2022/1/7,002352.SZ,STOCK,0.02
250,Linear Optimization,IV001,2022/1/7,300059.SZ,STOCK,0.02
251,Linear Optimization,IV001,2022/1/7,002415.SZ,STOCK,0.02
252,Linear Optimization,IV001,2022/1/7,002414.SZ,STOCK,0.0157014
253,Linear Optimization,IV001,2022/1/7,002459.SZ,STOCK,0.02
254,Linear Optimization,IV001,2022/1/7,601012.SH,STOCK,0.02
255,Linear Optimization,IV001,2022/1/7,601288.SH,STOCK,0.02
256,Linear Optimization,IV001,2022/1/7,002475.SZ,STOCK,0.02
257,Linear Optimization,IV001,2022/1/7,002594.SZ,STOCK,0.02
258,Linear Optimization,IV001,2022/1/7,002607.SZ,STOCK,0.0028611
259,Linear Optimization,IV001,2022/1/7,002624.SZ,STOCK,0.0099396
260,Linear Optimization,IV001,2022/1/7,601231.SH,STOCK,0.02
261,Linear Optimization,IV001,2022/1/7,300316.SZ,STOCK,6.94E-18
262,Linear Optimization,IV001,2022/1/7,603288.SH,STOCK,0.02
263,Linear Optimization,IV001,2022/1/7,002709.SZ,STOCK,3.47E-18
264,Linear Optimization,IV001,2022/1/7,601865.SH,STOCK,0.02
265,Linear Optimization,IV001,2022/1/7,000333.SZ,STOCK,0.02
266,Linear Optimization,IV001,2022/1/7,603899.SH,STOCK,0.0028611
267,Linear Optimization,IV001,2022/1/7,002791.SZ,STOCK,0.0133522
268,Linear Optimization,IV001,2022/1/7,603160.SH,STOCK,0.0022881
269,Linear Optimization,IV001,2022/1/7,603338.SH,STOCK,0.02
270,Linear Optimization,IV001,2022/1/7,002812.SZ,STOCK,0.02
271,Linear Optimization,IV001,2022/1/7,603019.SH,STOCK,0.0185011
272,Linear Optimization,IV001,2022/1/7,300558.SZ,STOCK,0.02
273,Linear Optimization,IV001,2022/1/7,603517.SH,STOCK,0.0061995
274,Linear Optimization,IV001,2022/1/7,300628.SZ,STOCK,0.0093258
275,Linear Optimization,IV001,2022/1/7,601162.SH,STOCK,0.002616
276,Linear Optimization,IV001,2022/1/7,300888.SZ,STOCK,0.0030492
277,Linear Optimization,IV001,2022/1/7,300677.SZ,STOCK,0.016802601
278,Linear Optimization,IV001,2022/1/7,300760.SZ,STOCK,0.02
279,Linear Optimization,IV001,2022/1/7,603259.SH,STOCK,0.016475199
280,Linear Optimization,IV001,2022/1/7,300750.SZ,STOCK,0.02
281,Linear Optimization,IV001,2022/1/7,300866.SZ,STOCK,0.02
282,Linear Optimization,IV001,2022/1/7,601658.SH,STOCK,0.0086962
283,Linear Optimization,IV001,2022/1/7,300999.SZ,STOCK,0.016564
284,Linear Optimization,IV001,2022/1/7,688981.SH,STOCK,0.02
285,Linear Optimization,IV001,2022/1/10,000002.SZ,STOCK,3.47E-18
286,Linear Optimization,IV001,2022/1/10,000425.SZ,STOCK,0.0034531
287,Linear Optimization,IV001,2022/1/10,000568.SZ,STOCK,0.02
288,Linear Optimization,IV001,2022/1/10,000708.SZ,STOCK,0.0067468
289,Linear Optimization,IV001,2022/1/10,000858.SZ,STOCK,0.02
290,Linear Optimization,IV001,2022/1/10,600030.SH,STOCK,0.02
291,Linear Optimization,IV001,2022/1/10,600036.SH,STOCK,0.02
292,Linear Optimization,IV001,2022/1/10,600109.SH,STOCK,0.02
293,Linear Optimization,IV001,2022/1/10,600276.SH,STOCK,0.017970568
294,Linear Optimization,IV001,2022/1/10,600489.SH,STOCK,0.02
295,Linear Optimization,IV001,2022/1/10,600519.SH,STOCK,0.02
296,Linear Optimization,IV001,2022/1/10,600690.SH,STOCK,0.0146531
297,Linear Optimization,IV001,2022/1/10,600795.SH,STOCK,0.0014019
298,Linear Optimization,IV001,2022/1/10,600809.SH,STOCK,0.02
299,Linear Optimization,IV001,2022/1/10,600848.SH,STOCK,0.0184123
300,Linear Optimization,IV001,2022/1/10,600872.SH,STOCK,0.02
301,Linear Optimization,IV001,2022/1/10,600887.SH,STOCK,1.39E-17
302,Linear Optimization,IV001,2022/1/10,600900.SH,STOCK,0.02
303,Linear Optimization,IV001,2022/1/10,600143.SH,STOCK,0.017226
304,Linear Optimization,IV001,2022/1/10,002044.SZ,STOCK,0.015307232
305,Linear Optimization,IV001,2022/1/10,601988.SH,STOCK,0.02
306,Linear Optimization,IV001,2022/1/10,601398.SH,STOCK,0.02
307,Linear Optimization,IV001,2022/1/10,601628.SH,STOCK,0.02
308,Linear Optimization,IV001,2022/1/10,601318.SH,STOCK,0.02
309,Linear Optimization,IV001,2022/1/10,601919.SH,STOCK,0.0066539
310,Linear Optimization,IV001,2022/1/10,601939.SH,STOCK,0.02
311,Linear Optimization,IV001,2022/1/10,601088.SH,STOCK,0.00606
312,Linear Optimization,IV001,2022/1/10,601857.SH,STOCK,0.0122109
313,Linear Optimization,IV001,2022/1/10,002202.SZ,STOCK,0.0136856
314,Linear Optimization,IV001,2022/1/10,601899.SH,STOCK,0.0137441
315,Linear Optimization,IV001,2022/1/10,601668.SH,STOCK,0.0145339
316,Linear Optimization,IV001,2022/1/10,601633.SH,STOCK,0.014138
317,Linear Optimization,IV001,2022/1/10,601888.SH,STOCK,0.0118473
318,Linear Optimization,IV001,2022/1/10,002304.SZ,STOCK,6.94E-18
319,Linear Optimization,IV001,2022/1/10,002352.SZ,STOCK,0.02
320,Linear Optimization,IV001,2022/1/10,300059.SZ,STOCK,0.02
321,Linear Optimization,IV001,2022/1/10,002415.SZ,STOCK,0.02
322,Linear Optimization,IV001,2022/1/10,002459.SZ,STOCK,0.02
323,Linear Optimization,IV001,2022/1/10,601012.SH,STOCK,0.02
324,Linear Optimization,IV001,2022/1/10,601288.SH,STOCK,0.02
325,Linear Optimization,IV001,2022/1/10,002475.SZ,STOCK,0.02
326,Linear Optimization,IV001,2022/1/10,002594.SZ,STOCK,0.02
327,Linear Optimization,IV001,2022/1/10,002607.SZ,STOCK,0.0028611
328,Linear Optimization,IV001,2022/1/10,002624.SZ,STOCK,0.0099396
329,Linear Optimization,IV001,2022/1/10,601231.SH,STOCK,0.02
330,Linear Optimization,IV001,2022/1/10,603288.SH,STOCK,0.02
331,Linear Optimization,IV001,2022/1/10,002709.SZ,STOCK,1.73E-18
332,Linear Optimization,IV001,2022/1/10,601865.SH,STOCK,0.02
333,Linear Optimization,IV001,2022/1/10,000333.SZ,STOCK,0.02
334,Linear Optimization,IV001,2022/1/10,603899.SH,STOCK,0.0028611
335,Linear Optimization,IV001,2022/1/10,002791.SZ,STOCK,0.0133522
336,Linear Optimization,IV001,2022/1/10,603160.SH,STOCK,0.0022881
337,Linear Optimization,IV001,2022/1/10,603338.SH,STOCK,0.02
338,Linear Optimization,IV001,2022/1/10,002812.SZ,STOCK,0.02
339,Linear Optimization,IV001,2022/1/10,603019.SH,STOCK,0.0185011
340,Linear Optimization,IV001,2022/1/10,300558.SZ,STOCK,0.02
341,Linear Optimization,IV001,2022/1/10,603517.SH,STOCK,0.0061995
342,Linear Optimization,IV001,2022/1/10,300628.SZ,STOCK,0.0093258
343,Linear Optimization,IV001,2022/1/10,601162.SH,STOCK,0.002616
344,Linear Optimization,IV001,2022/1/10,300888.SZ,STOCK,0.0030492
345,Linear Optimization,IV001,2022/1/10,300677.SZ,STOCK,3.48E-18
346,Linear Optimization,IV001,2022/1/10,300760.SZ,STOCK,0.02
347,Linear Optimization,IV001,2022/1/10,603259.SH,STOCK,0.02
348,Linear Optimization,IV001,2022/1/10,300750.SZ,STOCK,0.02
349,Linear Optimization,IV001,2022/1/10,601698.SH,STOCK,0.0157014
350,Linear Optimization,IV001,2022/1/10,300866.SZ,STOCK,0.02
351,Linear Optimization,IV001,2022/1/10,601658.SH,STOCK,0.0086962
352,Linear Optimization,IV001,2022/1/10,300999.SZ,STOCK,0.016564
353,Linear Optimization,IV001,2022/1/10,688981.SH,STOCK,0.02
354,Linear Optimization,IV001,2022/1/11,000002.SZ,STOCK,6.94E-18
355,Linear Optimization,IV001,2022/1/11,000425.SZ,STOCK,0.0034531
356,Linear Optimization,IV001,2022/1/11,000568.SZ,STOCK,0.02
357,Linear Optimization,IV001,2022/1/11,000708.SZ,STOCK,0.0067468
358,Linear Optimization,IV001,2022/1/11,000858.SZ,STOCK,0.02
359,Linear Optimization,IV001,2022/1/11,600030.SH,STOCK,0.02
360,Linear Optimization,IV001,2022/1/11,600036.SH,STOCK,0.02
361,Linear Optimization,IV001,2022/1/11,600109.SH,STOCK,0.02
362,Linear Optimization,IV001,2022/1/11,600276.SH,STOCK,0.015361076
363,Linear Optimization,IV001,2022/1/11,600436.SH,STOCK,1.20E-17
364,Linear Optimization,IV001,2022/1/11,600489.SH,STOCK,0.02
365,Linear Optimization,IV001,2022/1/11,600519.SH,STOCK,0.02
366,Linear Optimization,IV001,2022/1/11,600690.SH,STOCK,0.0146531
367,Linear Optimization,IV001,2022/1/11,600795.SH,STOCK,0.0014019
368,Linear Optimization,IV001,2022/1/11,600809.SH,STOCK,0.02
369,Linear Optimization,IV001,2022/1/11,600848.SH,STOCK,0.0184123
370,Linear Optimization,IV001,2022/1/11,600872.SH,STOCK,0.02
371,Linear Optimization,IV001,2022/1/11,600887.SH,STOCK,1.39E-17
372,Linear Optimization,IV001,2022/1/11,600900.SH,STOCK,0.02
373,Linear Optimization,IV001,2022/1/11,600143.SH,STOCK,0.017226
374,Linear Optimization,IV001,2022/1/11,002044.SZ,STOCK,0.017916724
375,Linear Optimization,IV001,2022/1/11,601988.SH,STOCK,0.02
376,Linear Optimization,IV001,2022/1/11,601398.SH,STOCK,0.02
377,Linear Optimization,IV001,2022/1/11,601628.SH,STOCK,0.02
378,Linear Optimization,IV001,2022/1/11,601318.SH,STOCK,0.02
379,Linear Optimization,IV001,2022/1/11,601919.SH,STOCK,0.0066539
380,Linear Optimization,IV001,2022/1/11,601939.SH,STOCK,0.02
381,Linear Optimization,IV001,2022/1/11,601088.SH,STOCK,0.00606
382,Linear Optimization,IV001,2022/1/11,601857.SH,STOCK,0.0122109
383,Linear Optimization,IV001,2022/1/11,002202.SZ,STOCK,0.0136856
384,Linear Optimization,IV001,2022/1/11,601601.SH,STOCK,1.04E-17
385,Linear Optimization,IV001,2022/1/11,601899.SH,STOCK,0.0137441
386,Linear Optimization,IV001,2022/1/11,601668.SH,STOCK,0.0145339
387,Linear Optimization,IV001,2022/1/11,601633.SH,STOCK,0.014138
388,Linear Optimization,IV001,2022/1/11,601888.SH,STOCK,0.0118473
389,Linear Optimization,IV001,2022/1/11,601618.SH,STOCK,6.94E-18
390,Linear Optimization,IV001,2022/1/11,002352.SZ,STOCK,0.02
391,Linear Optimization,IV001,2022/1/11,300059.SZ,STOCK,0.02
392,Linear Optimization,IV001,2022/1/11,002415.SZ,STOCK,0.02
393,Linear Optimization,IV001,2022/1/11,002459.SZ,STOCK,0.02
394,Linear Optimization,IV001,2022/1/11,601012.SH,STOCK,0.02
395,Linear Optimization,IV001,2022/1/11,601288.SH,STOCK,0.02
396,Linear Optimization,IV001,2022/1/11,002475.SZ,STOCK,0.02
397,Linear Optimization,IV001,2022/1/11,002594.SZ,STOCK,0.02
398,Linear Optimization,IV001,2022/1/11,002607.SZ,STOCK,0.0028611
399,Linear Optimization,IV001,2022/1/11,002624.SZ,STOCK,0.0099396
400,Linear Optimization,IV001,2022/1/11,601231.SH,STOCK,0.02
401,Linear Optimization,IV001,2022/1/11,603288.SH,STOCK,0.02
402,Linear Optimization,IV001,2022/1/11,601865.SH,STOCK,0.02
403,Linear Optimization,IV001,2022/1/11,000333.SZ,STOCK,0.02
404,Linear Optimization,IV001,2022/1/11,603899.SH,STOCK,0.0028611
405,Linear Optimization,IV001,2022/1/11,002791.SZ,STOCK,0.0133522
406,Linear Optimization,IV001,2022/1/11,603160.SH,STOCK,0.0022881
407,Linear Optimization,IV001,2022/1/11,603338.SH,STOCK,0.02
408,Linear Optimization,IV001,2022/1/11,002812.SZ,STOCK,0.02
409,Linear Optimization,IV001,2022/1/11,603019.SH,STOCK,0.0185011
410,Linear Optimization,IV001,2022/1/11,300558.SZ,STOCK,0.02
411,Linear Optimization,IV001,2022/1/11,603517.SH,STOCK,0.0061995
412,Linear Optimization,IV001,2022/1/11,300628.SZ,STOCK,0.0093258
413,Linear Optimization,IV001,2022/1/11,603233.SH,STOCK,1.73E-17
414,Linear Optimization,IV001,2022/1/11,601162.SH,STOCK,0.002616
415,Linear Optimization,IV001,2022/1/11,300888.SZ,STOCK,0.0030492
416,Linear Optimization,IV001,2022/1/11,300760.SZ,STOCK,0.02
417,Linear Optimization,IV001,2022/1/11,603259.SH,STOCK,0.02
418,Linear Optimization,IV001,2022/1/11,601319.SH,STOCK,1.04E-17
419,Linear Optimization,IV001,2022/1/11,300750.SZ,STOCK,0.02
420,Linear Optimization,IV001,2022/1/11,601698.SH,STOCK,0.0157014
421,Linear Optimization,IV001,2022/1/11,300866.SZ,STOCK,0.02
422,Linear Optimization,IV001,2022/1/11,601658.SH,STOCK,0.0086962
423,Linear Optimization,IV001,2022/1/11,300999.SZ,STOCK,0.016564
424,Linear Optimization,IV001,2022/1/11,688981.SH,STOCK,0.02
425,Linear Optimization,IV001,2022/1/12,000425.SZ,STOCK,0.0034531
426,Linear Optimization,IV001,2022/1/12,000568.SZ,STOCK,0.02
427,Linear Optimization,IV001,2022/1/12,000708.SZ,STOCK,0.0067468
428,Linear Optimization,IV001,2022/1/12,000858.SZ,STOCK,0.02
429,Linear Optimization,IV001,2022/1/12,600030.SH,STOCK,0.02
430,Linear Optimization,IV001,2022/1/12,600036.SH,STOCK,0.02
431,Linear Optimization,IV001,2022/1/12,600109.SH,STOCK,0.02
432,Linear Optimization,IV001,2022/1/12,600276.SH,STOCK,0.014922818
433,Linear Optimization,IV001,2022/1/12,600406.SH,STOCK,0.02
434,Linear Optimization,IV001,2022/1/12,600436.SH,STOCK,3.55E-16
435,Linear Optimization,IV001,2022/1/12,600489.SH,STOCK,0.02
436,Linear Optimization,IV001,2022/1/12,600519.SH,STOCK,0.02
437,Linear Optimization,IV001,2022/1/12,600690.SH,STOCK,0.0146531
438,Linear Optimization,IV001,2022/1/12,600795.SH,STOCK,0.0043309
439,Linear Optimization,IV001,2022/1/12,600809.SH,STOCK,0.02
440,Linear Optimization,IV001,2022/1/12,600848.SH,STOCK,0.0180477
441,Linear Optimization,IV001,2022/1/12,600872.SH,STOCK,0.02
442,Linear Optimization,IV001,2022/1/12,600900.SH,STOCK,0.02
443,Linear Optimization,IV001,2022/1/12,600143.SH,STOCK,0.017226
444,Linear Optimization,IV001,2022/1/12,002044.SZ,STOCK,0.018354982
445,Linear Optimization,IV001,2022/1/12,601988.SH,STOCK,0.02
446,Linear Optimization,IV001,2022/1/12,601398.SH,STOCK,0.02
447,Linear Optimization,IV001,2022/1/12,601628.SH,STOCK,0.02
448,Linear Optimization,IV001,2022/1/12,601318.SH,STOCK,0.02
449,Linear Optimization,IV001,2022/1/12,601919.SH,STOCK,0.0066539
450,Linear Optimization,IV001,2022/1/12,601939.SH,STOCK,0.02
451,Linear Optimization,IV001,2022/1/12,601088.SH,STOCK,0.00606
452,Linear Optimization,IV001,2022/1/12,601857.SH,STOCK,0.0122109
453,Linear Optimization,IV001,2022/1/12,601899.SH,STOCK,0.0133152
454,Linear Optimization,IV001,2022/1/12,601668.SH,STOCK,0.0142461
455,Linear Optimization,IV001,2022/1/12,601633.SH,STOCK,0.014138
456,Linear Optimization,IV001,2022/1/12,601888.SH,STOCK,0.0118473
457,Linear Optimization,IV001,2022/1/12,002352.SZ,STOCK,0.02
458,Linear Optimization,IV001,2022/1/12,300059.SZ,STOCK,0.02
459,Linear Optimization,IV001,2022/1/12,002415.SZ,STOCK,0.02
460,Linear Optimization,IV001,2022/1/12,002459.SZ,STOCK,0.0136856
461,Linear Optimization,IV001,2022/1/12,601012.SH,STOCK,0.02
462,Linear Optimization,IV001,2022/1/12,601288.SH,STOCK,0.02
463,Linear Optimization,IV001,2022/1/12,002475.SZ,STOCK,0.02
464,Linear Optimization,IV001,2022/1/12,002568.SZ,STOCK,0.0061995
465,Linear Optimization,IV001,2022/1/12,002594.SZ,STOCK,0.02
466,Linear Optimization,IV001,2022/1/12,002607.SZ,STOCK,0.0028611
467,Linear Optimization,IV001,2022/1/12,002624.SZ,STOCK,0.0099396
468,Linear Optimization,IV001,2022/1/12,601231.SH,STOCK,0.02
469,Linear Optimization,IV001,2022/1/12,300316.SZ,STOCK,3.47E-18
470,Linear Optimization,IV001,2022/1/12,603288.SH,STOCK,0.02
471,Linear Optimization,IV001,2022/1/12,002709.SZ,STOCK,2.43E-17
472,Linear Optimization,IV001,2022/1/12,601865.SH,STOCK,0.02
473,Linear Optimization,IV001,2022/1/12,000333.SZ,STOCK,0.02
474,Linear Optimization,IV001,2022/1/12,603899.SH,STOCK,0.0028611
475,Linear Optimization,IV001,2022/1/12,002791.SZ,STOCK,0.0130878
476,Linear Optimization,IV001,2022/1/12,603160.SH,STOCK,0.0007048
477,Linear Optimization,IV001,2022/1/12,603338.SH,STOCK,0.02
478,Linear Optimization,IV001,2022/1/12,002812.SZ,STOCK,0.02
479,Linear Optimization,IV001,2022/1/12,603019.SH,STOCK,0.0185011
480,Linear Optimization,IV001,2022/1/12,300628.SZ,STOCK,0.0093258
481,Linear Optimization,IV001,2022/1/12,603233.SH,STOCK,0.02
482,Linear Optimization,IV001,2022/1/12,601162.SH,STOCK,0.002616
483,Linear Optimization,IV001,2022/1/12,300888.SZ,STOCK,0.0030492
484,Linear Optimization,IV001,2022/1/12,300760.SZ,STOCK,0.02
485,Linear Optimization,IV001,2022/1/12,603259.SH,STOCK,0.02
486,Linear Optimization,IV001,2022/1/12,300750.SZ,STOCK,0.02
487,Linear Optimization,IV001,2022/1/12,601698.SH,STOCK,0.0157014
488,Linear Optimization,IV001,2022/1/12,601138.SH,STOCK,6.94E-18
489,Linear Optimization,IV001,2022/1/12,300866.SZ,STOCK,0.02
490,Linear Optimization,IV001,2022/1/12,601658.SH,STOCK,0.0086962
491,Linear Optimization,IV001,2022/1/12,300999.SZ,STOCK,0.016564
492,Linear Optimization,IV001,2022/1/12,688981.SH,STOCK,0.02
493,Linear Optimization,IV001,2022/1/13,000002.SZ,STOCK,1.73E-17
494,Linear Optimization,IV001,2022/1/13,000425.SZ,STOCK,0.0034531
495,Linear Optimization,IV001,2022/1/13,000568.SZ,STOCK,0.02
496,Linear Optimization,IV001,2022/1/13,000708.SZ,STOCK,0.0067468
497,Linear Optimization,IV001,2022/1/13,000858.SZ,STOCK,0.02
498,Linear Optimization,IV001,2022/1/13,600030.SH,STOCK,0.02
499,Linear Optimization,IV001,2022/1/13,600036.SH,STOCK,0.02
500,Linear Optimization,IV001,2022/1/13,600109.SH,STOCK,0.02
501,Linear Optimization,IV001,2022/1/13,600406.SH,STOCK,0.02
502,Linear Optimization,IV001,2022/1/13,600436.SH,STOCK,8.67E-17
503,Linear Optimization,IV001,2022/1/13,600489.SH,STOCK,0.02
504,Linear Optimization,IV001,2022/1/13,600519.SH,STOCK,0.02
505,Linear Optimization,IV001,2022/1/13,600690.SH,STOCK,0.012496313
506,Linear Optimization,IV001,2022/1/13,600795.SH,STOCK,0.0043309
507,Linear Optimization,IV001,2022/1/13,600809.SH,STOCK,0.02
508,Linear Optimization,IV001,2022/1/13,600848.SH,STOCK,0.0180477
509,Linear Optimization,IV001,2022/1/13,600872.SH,STOCK,0.02
510,Linear Optimization,IV001,2022/1/13,600887.SH,STOCK,1.14E-17
511,Linear Optimization,IV001,2022/1/13,600900.SH,STOCK,0.02
512,Linear Optimization,IV001,2022/1/13,002032.SZ,STOCK,0.002156787
513,Linear Optimization,IV001,2022/1/13,600143.SH,STOCK,0.017226
514,Linear Optimization,IV001,2022/1/13,002044.SZ,STOCK,0.02
515,Linear Optimization,IV001,2022/1/13,601988.SH,STOCK,0.02
516,Linear Optimization,IV001,2022/1/13,601398.SH,STOCK,0.02
517,Linear Optimization,IV001,2022/1/13,601628.SH,STOCK,0.02
518,Linear Optimization,IV001,2022/1/13,601318.SH,STOCK,0.02
519,Linear Optimization,IV001,2022/1/13,601919.SH,STOCK,0.0066539
520,Linear Optimization,IV001,2022/1/13,601939.SH,STOCK,0.02
521,Linear Optimization,IV001,2022/1/13,601088.SH,STOCK,0.00606
522,Linear Optimization,IV001,2022/1/13,601857.SH,STOCK,0.0122109
523,Linear Optimization,IV001,2022/1/13,002202.SZ,STOCK,3.12E-17
524,Linear Optimization,IV001,2022/1/13,601899.SH,STOCK,0.0133152
525,Linear Optimization,IV001,2022/1/13,601668.SH,STOCK,0.0142461
526,Linear Optimization,IV001,2022/1/13,601633.SH,STOCK,0.014138
527,Linear Optimization,IV001,2022/1/13,601888.SH,STOCK,0.0118473
528,Linear Optimization,IV001,2022/1/13,601618.SH,STOCK,3.47E-18
529,Linear Optimization,IV001,2022/1/13,002352.SZ,STOCK,0.02
530,Linear Optimization,IV001,2022/1/13,300059.SZ,STOCK,0.02
531,Linear Optimization,IV001,2022/1/13,002415.SZ,STOCK,0.02
532,Linear Optimization,IV001,2022/1/13,002459.SZ,STOCK,0.0136856
533,Linear Optimization,IV001,2022/1/13,601012.SH,STOCK,0.02
534,Linear Optimization,IV001,2022/1/13,601288.SH,STOCK,0.02
535,Linear Optimization,IV001,2022/1/13,002475.SZ,STOCK,0.02
536,Linear Optimization,IV001,2022/1/13,002568.SZ,STOCK,0.0061995
537,Linear Optimization,IV001,2022/1/13,002594.SZ,STOCK,0.02
538,Linear Optimization,IV001,2022/1/13,002607.SZ,STOCK,0.0028611
539,Linear Optimization,IV001,2022/1/13,002624.SZ,STOCK,0.0099396
540,Linear Optimization,IV001,2022/1/13,601231.SH,STOCK,0.02
541,Linear Optimization,IV001,2022/1/13,603288.SH,STOCK,0.02
542,Linear Optimization,IV001,2022/1/13,601865.SH,STOCK,0.02
543,Linear Optimization,IV001,2022/1/13,000333.SZ,STOCK,0.02
544,Linear Optimization,IV001,2022/1/13,603899.SH,STOCK,0.0028611
545,Linear Optimization,IV001,2022/1/13,002791.SZ,STOCK,0.0130878
546,Linear Optimization,IV001,2022/1/13,603160.SH,STOCK,0.0007048
547,Linear Optimization,IV001,2022/1/13,603338.SH,STOCK,0.02
548,Linear Optimization,IV001,2022/1/13,002812.SZ,STOCK,0.02
549,Linear Optimization,IV001,2022/1/13,603019.SH,STOCK,0.0185011
550,Linear Optimization,IV001,2022/1/13,300558.SZ,STOCK,0.0132778
551,Linear Optimization,IV001,2022/1/13,300628.SZ,STOCK,0.0093258
552,Linear Optimization,IV001,2022/1/13,603233.SH,STOCK,0.02
553,Linear Optimization,IV001,2022/1/13,601162.SH,STOCK,0.002616
554,Linear Optimization,IV001,2022/1/13,300888.SZ,STOCK,0.0030492
555,Linear Optimization,IV001,2022/1/13,300760.SZ,STOCK,0.02
556,Linear Optimization,IV001,2022/1/13,603259.SH,STOCK,0.02
557,Linear Optimization,IV001,2022/1/13,300750.SZ,STOCK,0.02
558,Linear Optimization,IV001,2022/1/13,601698.SH,STOCK,0.0157014
559,Linear Optimization,IV001,2022/1/13,300866.SZ,STOCK,0.02
560,Linear Optimization,IV001,2022/1/13,601658.SH,STOCK,0.0086962
561,Linear Optimization,IV001,2022/1/13,300999.SZ,STOCK,0.016564
562,Linear Optimization,IV001,2022/1/13,688981.SH,STOCK,0.02
563,Linear Optimization,IV001,2022/1/14,000002.SZ,STOCK,3.78E-16
564,Linear Optimization,IV001,2022/1/14,000425.SZ,STOCK,0.0034531
565,Linear Optimization,IV001,2022/1/14,000568.SZ,STOCK,0.02
566,Linear Optimization,IV001,2022/1/14,000708.SZ,STOCK,0.0067468
567,Linear Optimization,IV001,2022/1/14,000858.SZ,STOCK,0.02
568,Linear Optimization,IV001,2022/1/14,600030.SH,STOCK,0.02
569,Linear Optimization,IV001,2022/1/14,600036.SH,STOCK,0.02
570,Linear Optimization,IV001,2022/1/14,600109.SH,STOCK,0.02
571,Linear Optimization,IV001,2022/1/14,600406.SH,STOCK,0.013626493
572,Linear Optimization,IV001,2022/1/14,600489.SH,STOCK,0.02
573,Linear Optimization,IV001,2022/1/14,600519.SH,STOCK,0.02
574,Linear Optimization,IV001,2022/1/14,600585.SH,STOCK,5.88E-16
575,Linear Optimization,IV001,2022/1/14,600690.SH,STOCK,0.0146531
576,Linear Optimization,IV001,2022/1/14,600763.SH,STOCK,1.04E-17
577,Linear Optimization,IV001,2022/1/14,600795.SH,STOCK,0.0043309
578,Linear Optimization,IV001,2022/1/14,600809.SH,STOCK,0.02
579,Linear Optimization,IV001,2022/1/14,600848.SH,STOCK,0.0180477
580,Linear Optimization,IV001,2022/1/14,600872.SH,STOCK,0.02
581,Linear Optimization,IV001,2022/1/14,600887.SH,STOCK,2.08E-17
582,Linear Optimization,IV001,2022/1/14,600900.SH,STOCK,0.02
583,Linear Optimization,IV001,2022/1/14,600143.SH,STOCK,0.017226
584,Linear Optimization,IV001,2022/1/14,002044.SZ,STOCK,0.02
585,Linear Optimization,IV001,2022/1/14,601988.SH,STOCK,0.02
586,Linear Optimization,IV001,2022/1/14,601398.SH,STOCK,0.02
587,Linear Optimization,IV001,2022/1/14,601628.SH,STOCK,0.02
588,Linear Optimization,IV001,2022/1/14,601318.SH,STOCK,0.02
589,Linear Optimization,IV001,2022/1/14,601919.SH,STOCK,0.0066539
590,Linear Optimization,IV001,2022/1/14,601939.SH,STOCK,0.02
591,Linear Optimization,IV001,2022/1/14,601088.SH,STOCK,0.00606
592,Linear Optimization,IV001,2022/1/14,601857.SH,STOCK,0.0122109
593,Linear Optimization,IV001,2022/1/14,002202.SZ,STOCK,3.47E-18
594,Linear Optimization,IV001,2022/1/14,601899.SH,STOCK,0.0133152
595,Linear Optimization,IV001,2022/1/14,601668.SH,STOCK,0.0142461
596,Linear Optimization,IV001,2022/1/14,601633.SH,STOCK,0.014138
597,Linear Optimization,IV001,2022/1/14,601888.SH,STOCK,0.0118473
598,Linear Optimization,IV001,2022/1/14,300014.SZ,STOCK,0.02
599,Linear Optimization,IV001,2022/1/14,002352.SZ,STOCK,0.02
600,Linear Optimization,IV001,2022/1/14,300059.SZ,STOCK,0.02
601,Linear Optimization,IV001,2022/1/14,002415.SZ,STOCK,0.02
602,Linear Optimization,IV001,2022/1/14,002459.SZ,STOCK,5.91E-05
603,Linear Optimization,IV001,2022/1/14,601012.SH,STOCK,0.02
604,Linear Optimization,IV001,2022/1/14,601288.SH,STOCK,0.02
605,Linear Optimization,IV001,2022/1/14,002475.SZ,STOCK,0.02
606,Linear Optimization,IV001,2022/1/14,002568.SZ,STOCK,0.0061995
607,Linear Optimization,IV001,2022/1/14,002594.SZ,STOCK,0.02
608,Linear Optimization,IV001,2022/1/14,002607.SZ,STOCK,0.0028611
609,Linear Optimization,IV001,2022/1/14,002624.SZ,STOCK,0.0099396
610,Linear Optimization,IV001,2022/1/14,601231.SH,STOCK,0.02
611,Linear Optimization,IV001,2022/1/14,603288.SH,STOCK,0.02
612,Linear Optimization,IV001,2022/1/14,601865.SH,STOCK,0.02
613,Linear Optimization,IV001,2022/1/14,000333.SZ,STOCK,0.02
614,Linear Optimization,IV001,2022/1/14,603899.SH,STOCK,0.0028611
615,Linear Optimization,IV001,2022/1/14,002791.SZ,STOCK,0.0130878
616,Linear Optimization,IV001,2022/1/14,603160.SH,STOCK,0.0007048
617,Linear Optimization,IV001,2022/1/14,603338.SH,STOCK,0.02
618,Linear Optimization,IV001,2022/1/14,002812.SZ,STOCK,0.02
619,Linear Optimization,IV001,2022/1/14,603019.SH,STOCK,0.0185011
620,Linear Optimization,IV001,2022/1/14,300558.SZ,STOCK,0.02
621,Linear Optimization,IV001,2022/1/14,300628.SZ,STOCK,0.0093258
622,Linear Optimization,IV001,2022/1/14,603233.SH,STOCK,0.0132778
623,Linear Optimization,IV001,2022/1/14,601162.SH,STOCK,0.002616
624,Linear Optimization,IV001,2022/1/14,300888.SZ,STOCK,0.0030492
625,Linear Optimization,IV001,2022/1/14,300760.SZ,STOCK,0.02
626,Linear Optimization,IV001,2022/1/14,603259.SH,STOCK,0.02
627,Linear Optimization,IV001,2022/1/14,300750.SZ,STOCK,0.02
628,Linear Optimization,IV001,2022/1/14,601698.SH,STOCK,0.0157014
629,Linear Optimization,IV001,2022/1/14,300866.SZ,STOCK,0.02
630,Linear Optimization,IV001,2022/1/14,601658.SH,STOCK,0.0086962
631,Linear Optimization,IV001,2022/1/14,300999.SZ,STOCK,0.016564
632,Linear Optimization,IV001,2022/1/14,688981.SH,STOCK,0.02
633,Linear Optimization,IV001,2022/1/17,000425.SZ,STOCK,0.0034531
634,Linear Optimization,IV001,2022/1/17,000568.SZ,STOCK,0.02
635,Linear Optimization,IV001,2022/1/17,000708.SZ,STOCK,0.0067468
636,Linear Optimization,IV001,2022/1/17,000858.SZ,STOCK,0.02
637,Linear Optimization,IV001,2022/1/17,600030.SH,STOCK,0.02
638,Linear Optimization,IV001,2022/1/17,600036.SH,STOCK,0.02
639,Linear Optimization,IV001,2022/1/17,600109.SH,STOCK,0.02
640,Linear Optimization,IV001,2022/1/17,600309.SH,STOCK,0.007193033
641,Linear Optimization,IV001,2022/1/17,600489.SH,STOCK,0.02
642,Linear Optimization,IV001,2022/1/17,600519.SH,STOCK,0.02
643,Linear Optimization,IV001,2022/1/17,600585.SH,STOCK,2.08E-17
644,Linear Optimization,IV001,2022/1/17,600690.SH,STOCK,0.0146531
645,Linear Optimization,IV001,2022/1/17,600795.SH,STOCK,0.0043309
646,Linear Optimization,IV001,2022/1/17,600809.SH,STOCK,0.02
647,Linear Optimization,IV001,2022/1/17,600848.SH,STOCK,0.0180477
648,Linear Optimization,IV001,2022/1/17,600872.SH,STOCK,0.02
649,Linear Optimization,IV001,2022/1/17,600887.SH,STOCK,4.16E-17
650,Linear Optimization,IV001,2022/1/17,600900.SH,STOCK,0.02
651,Linear Optimization,IV001,2022/1/17,600143.SH,STOCK,0.010032967
652,Linear Optimization,IV001,2022/1/17,002044.SZ,STOCK,0.02
653,Linear Optimization,IV001,2022/1/17,601988.SH,STOCK,0.02
654,Linear Optimization,IV001,2022/1/17,601398.SH,STOCK,0.02
655,Linear Optimization,IV001,2022/1/17,601628.SH,STOCK,0.02
656,Linear Optimization,IV001,2022/1/17,601318.SH,STOCK,0.02
657,Linear Optimization,IV001,2022/1/17,601919.SH,STOCK,0.0066539
658,Linear Optimization,IV001,2022/1/17,601939.SH,STOCK,0.02
659,Linear Optimization,IV001,2022/1/17,601088.SH,STOCK,0.00606
660,Linear Optimization,IV001,2022/1/17,601857.SH,STOCK,0.0122109
661,Linear Optimization,IV001,2022/1/17,002202.SZ,STOCK,3.47E-18
662,Linear Optimization,IV001,2022/1/17,601601.SH,STOCK,3.47E-18
663,Linear Optimization,IV001,2022/1/17,601899.SH,STOCK,0.0133152
664,Linear Optimization,IV001,2022/1/17,601668.SH,STOCK,0.0142461
665,Linear Optimization,IV001,2022/1/17,601633.SH,STOCK,0.014138
666,Linear Optimization,IV001,2022/1/17,601888.SH,STOCK,0.0118473
667,Linear Optimization,IV001,2022/1/17,300014.SZ,STOCK,0.0136856
668,Linear Optimization,IV001,2022/1/17,002352.SZ,STOCK,0.02
669,Linear Optimization,IV001,2022/1/17,300059.SZ,STOCK,0.02
670,Linear Optimization,IV001,2022/1/17,002415.SZ,STOCK,0.02
671,Linear Optimization,IV001,2022/1/17,002459.SZ,STOCK,0.02
672,Linear Optimization,IV001,2022/1/17,601012.SH,STOCK,0.02
673,Linear Optimization,IV001,2022/1/17,601288.SH,STOCK,0.02
674,Linear Optimization,IV001,2022/1/17,002475.SZ,STOCK,0.02
675,Linear Optimization,IV001,2022/1/17,002568.SZ,STOCK,0.0061995
676,Linear Optimization,IV001,2022/1/17,002594.SZ,STOCK,0.02
677,Linear Optimization,IV001,2022/1/17,002607.SZ,STOCK,0.0028611
678,Linear Optimization,IV001,2022/1/17,002624.SZ,STOCK,0.0099396
679,Linear Optimization,IV001,2022/1/17,601231.SH,STOCK,0.02
680,Linear Optimization,IV001,2022/1/17,603288.SH,STOCK,0.02
681,Linear Optimization,IV001,2022/1/17,601865.SH,STOCK,0.02
682,Linear Optimization,IV001,2022/1/17,000333.SZ,STOCK,0.02
683,Linear Optimization,IV001,2022/1/17,603899.SH,STOCK,0.0028611
684,Linear Optimization,IV001,2022/1/17,002791.SZ,STOCK,0.0130878
685,Linear Optimization,IV001,2022/1/17,603338.SH,STOCK,0.02
686,Linear Optimization,IV001,2022/1/17,002812.SZ,STOCK,0.02
687,Linear Optimization,IV001,2022/1/17,603019.SH,STOCK,0.0185011
688,Linear Optimization,IV001,2022/1/17,300558.SZ,STOCK,0.0132778
689,Linear Optimization,IV001,2022/1/17,601881.SH,STOCK,3.47E-18
690,Linear Optimization,IV001,2022/1/17,603501.SH,STOCK,0.0007048
691,Linear Optimization,IV001,2022/1/17,300628.SZ,STOCK,0.0093258
692,Linear Optimization,IV001,2022/1/17,603233.SH,STOCK,0.02
693,Linear Optimization,IV001,2022/1/17,601162.SH,STOCK,0.002616
694,Linear Optimization,IV001,2022/1/17,300888.SZ,STOCK,0.0030492
695,Linear Optimization,IV001,2022/1/17,300760.SZ,STOCK,0.02
696,Linear Optimization,IV001,2022/1/17,603259.SH,STOCK,0.02
697,Linear Optimization,IV001,2022/1/17,300750.SZ,STOCK,0.02
698,Linear Optimization,IV001,2022/1/17,601698.SH,STOCK,0.0157014
699,Linear Optimization,IV001,2022/1/17,300866.SZ,STOCK,0.02
700,Linear Optimization,IV001,2022/1/17,601658.SH,STOCK,0.0086962
701,Linear Optimization,IV001,2022/1/17,300999.SZ,STOCK,0.016564
702,Linear Optimization,IV001,2022/1/17,688981.SH,STOCK,0.02
703,Linear Optimization,IV001,2022/1/18,000066.SZ,STOCK,0.0185011
704,Linear Optimization,IV001,2022/1/18,000425.SZ,STOCK,0.0034531
705,Linear Optimization,IV001,2022/1/18,000568.SZ,STOCK,0.02
706,Linear Optimization,IV001,2022/1/18,000708.SZ,STOCK,0.0067468
707,Linear Optimization,IV001,2022/1/18,000858.SZ,STOCK,0.02
708,Linear Optimization,IV001,2022/1/18,600030.SH,STOCK,0.02
709,Linear Optimization,IV001,2022/1/18,600036.SH,STOCK,0.02
710,Linear Optimization,IV001,2022/1/18,600109.SH,STOCK,0.02
711,Linear Optimization,IV001,2022/1/18,600309.SH,STOCK,0.015267172
712,Linear Optimization,IV001,2022/1/18,600406.SH,STOCK,0.02
713,Linear Optimization,IV001,2022/1/18,600489.SH,STOCK,0.02
714,Linear Optimization,IV001,2022/1/18,600519.SH,STOCK,0.02
715,Linear Optimization,IV001,2022/1/18,600795.SH,STOCK,0.0043309
716,Linear Optimization,IV001,2022/1/18,600809.SH,STOCK,0.02
717,Linear Optimization,IV001,2022/1/18,600848.SH,STOCK,0.0180477
718,Linear Optimization,IV001,2022/1/18,600872.SH,STOCK,0.02
719,Linear Optimization,IV001,2022/1/18,600900.SH,STOCK,0.02
720,Linear Optimization,IV001,2022/1/18,002032.SZ,STOCK,0.0146531
721,Linear Optimization,IV001,2022/1/18,600143.SH,STOCK,0.001958828
722,Linear Optimization,IV001,2022/1/18,002044.SZ,STOCK,0.02
723,Linear Optimization,IV001,2022/1/18,601988.SH,STOCK,0.02
724,Linear Optimization,IV001,2022/1/18,601398.SH,STOCK,0.02
725,Linear Optimization,IV001,2022/1/18,601628.SH,STOCK,0.02
726,Linear Optimization,IV001,2022/1/18,601318.SH,STOCK,0.02
727,Linear Optimization,IV001,2022/1/18,601919.SH,STOCK,0.0066539
728,Linear Optimization,IV001,2022/1/18,601939.SH,STOCK,0.02
729,Linear Optimization,IV001,2022/1/18,601088.SH,STOCK,0.00606
730,Linear Optimization,IV001,2022/1/18,601857.SH,STOCK,0.0122109
731,Linear Optimization,IV001,2022/1/18,601899.SH,STOCK,0.0130759
732,Linear Optimization,IV001,2022/1/18,601668.SH,STOCK,0.0145339
733,Linear Optimization,IV001,2022/1/18,601633.SH,STOCK,0.014138
734,Linear Optimization,IV001,2022/1/18,601888.SH,STOCK,0.0117988
735,Linear Optimization,IV001,2022/1/18,002304.SZ,STOCK,1.04E-17
736,Linear Optimization,IV001,2022/1/18,300014.SZ,STOCK,5.31E-16
737,Linear Optimization,IV001,2022/1/18,002352.SZ,STOCK,0.02
738,Linear Optimization,IV001,2022/1/18,300059.SZ,STOCK,0.02
739,Linear Optimization,IV001,2022/1/18,002415.SZ,STOCK,0.02
740,Linear Optimization,IV001,2022/1/18,002459.SZ,STOCK,0.0136856
741,Linear Optimization,IV001,2022/1/18,601012.SH,STOCK,0.02
742,Linear Optimization,IV001,2022/1/18,601288.SH,STOCK,0.02
743,Linear Optimization,IV001,2022/1/18,002475.SZ,STOCK,0.02
744,Linear Optimization,IV001,2022/1/18,002568.SZ,STOCK,0.0061995
745,Linear Optimization,IV001,2022/1/18,002594.SZ,STOCK,0.02
746,Linear Optimization,IV001,2022/1/18,002607.SZ,STOCK,0.0028611
747,Linear Optimization,IV001,2022/1/18,002624.SZ,STOCK,0.0099396
748,Linear Optimization,IV001,2022/1/18,601231.SH,STOCK,0.02
749,Linear Optimization,IV001,2022/1/18,603288.SH,STOCK,0.02
750,Linear Optimization,IV001,2022/1/18,601865.SH,STOCK,0.02
751,Linear Optimization,IV001,2022/1/18,000333.SZ,STOCK,0.02
752,Linear Optimization,IV001,2022/1/18,603899.SH,STOCK,0.0028611
753,Linear Optimization,IV001,2022/1/18,002791.SZ,STOCK,0.0130878
754,Linear Optimization,IV001,2022/1/18,603338.SH,STOCK,0.02
755,Linear Optimization,IV001,2022/1/18,002812.SZ,STOCK,0.02
756,Linear Optimization,IV001,2022/1/18,300558.SZ,STOCK,0.0132778
757,Linear Optimization,IV001,2022/1/18,603501.SH,STOCK,0.0007048
758,Linear Optimization,IV001,2022/1/18,300628.SZ,STOCK,0.0093258
759,Linear Optimization,IV001,2022/1/18,603233.SH,STOCK,0.02
760,Linear Optimization,IV001,2022/1/18,601162.SH,STOCK,0.002616
761,Linear Optimization,IV001,2022/1/18,300888.SZ,STOCK,0.0030492
762,Linear Optimization,IV001,2022/1/18,300760.SZ,STOCK,0.02
763,Linear Optimization,IV001,2022/1/18,601066.SH,STOCK,6.94E-18
764,Linear Optimization,IV001,2022/1/18,603259.SH,STOCK,0.02
765,Linear Optimization,IV001,2022/1/18,300750.SZ,STOCK,0.02
766,Linear Optimization,IV001,2022/1/18,601698.SH,STOCK,0.0157014
767,Linear Optimization,IV001,2022/1/18,300866.SZ,STOCK,0.02
768,Linear Optimization,IV001,2022/1/18,601658.SH,STOCK,0.0086962
769,Linear Optimization,IV001,2022/1/18,300999.SZ,STOCK,0.016564
770,Linear Optimization,IV001,2022/1/18,688981.SH,STOCK,0.02
771,Linear Optimization,IV001,2022/1/19,000066.SZ,STOCK,0.0185011
772,Linear Optimization,IV001,2022/1/19,000425.SZ,STOCK,0.0034531
773,Linear Optimization,IV001,2022/1/19,000568.SZ,STOCK,0.02
774,Linear Optimization,IV001,2022/1/19,000708.SZ,STOCK,0.0067468
775,Linear Optimization,IV001,2022/1/19,000858.SZ,STOCK,0.02
776,Linear Optimization,IV001,2022/1/19,600030.SH,STOCK,0.02
777,Linear Optimization,IV001,2022/1/19,600036.SH,STOCK,0.02
778,Linear Optimization,IV001,2022/1/19,600109.SH,STOCK,0.02
779,Linear Optimization,IV001,2022/1/19,600276.SH,STOCK,1.04E-17
780,Linear Optimization,IV001,2022/1/19,600309.SH,STOCK,0.007551359
781,Linear Optimization,IV001,2022/1/19,600406.SH,STOCK,0.02
782,Linear Optimization,IV001,2022/1/19,600436.SH,STOCK,4.62E-16
783,Linear Optimization,IV001,2022/1/19,600489.SH,STOCK,0.02
784,Linear Optimization,IV001,2022/1/19,600519.SH,STOCK,0.02
785,Linear Optimization,IV001,2022/1/19,600690.SH,STOCK,0.0146531
786,Linear Optimization,IV001,2022/1/19,600795.SH,STOCK,0.0043309
787,Linear Optimization,IV001,2022/1/19,600809.SH,STOCK,0.02
788,Linear Optimization,IV001,2022/1/19,600848.SH,STOCK,0.0180477
789,Linear Optimization,IV001,2022/1/19,600872.SH,STOCK,0.02
790,Linear Optimization,IV001,2022/1/19,600887.SH,STOCK,3.00E-18
791,Linear Optimization,IV001,2022/1/19,600900.SH,STOCK,0.02
792,Linear Optimization,IV001,2022/1/19,600143.SH,STOCK,0.009674641
793,Linear Optimization,IV001,2022/1/19,002044.SZ,STOCK,0.02
794,Linear Optimization,IV001,2022/1/19,601988.SH,STOCK,0.02
795,Linear Optimization,IV001,2022/1/19,601398.SH,STOCK,0.02
796,Linear Optimization,IV001,2022/1/19,601628.SH,STOCK,0.02
797,Linear Optimization,IV001,2022/1/19,601318.SH,STOCK,0.02
798,Linear Optimization,IV001,2022/1/19,601919.SH,STOCK,0.0066539
799,Linear Optimization,IV001,2022/1/19,601939.SH,STOCK,0.02
800,Linear Optimization,IV001,2022/1/19,601088.SH,STOCK,0.00606
801,Linear Optimization,IV001,2022/1/19,601857.SH,STOCK,0.0122109
802,Linear Optimization,IV001,2022/1/19,002202.SZ,STOCK,3.47E-18
803,Linear Optimization,IV001,2022/1/19,601601.SH,STOCK,2.78E-17
804,Linear Optimization,IV001,2022/1/19,601899.SH,STOCK,0.0130759
805,Linear Optimization,IV001,2022/1/19,601668.SH,STOCK,0.0145339
806,Linear Optimization,IV001,2022/1/19,601633.SH,STOCK,0.014138
807,Linear Optimization,IV001,2022/1/19,601888.SH,STOCK,0.0117988
808,Linear Optimization,IV001,2022/1/19,002352.SZ,STOCK,0.02
809,Linear Optimization,IV001,2022/1/19,300059.SZ,STOCK,0.02
810,Linear Optimization,IV001,2022/1/19,002415.SZ,STOCK,0.02
811,Linear Optimization,IV001,2022/1/19,002459.SZ,STOCK,0.0136856
812,Linear Optimization,IV001,2022/1/19,601012.SH,STOCK,0.02
813,Linear Optimization,IV001,2022/1/19,601288.SH,STOCK,0.02
814,Linear Optimization,IV001,2022/1/19,002475.SZ,STOCK,0.02
815,Linear Optimization,IV001,2022/1/19,002568.SZ,STOCK,0.0061995
816,Linear Optimization,IV001,2022/1/19,002594.SZ,STOCK,0.02
817,Linear Optimization,IV001,2022/1/19,002607.SZ,STOCK,0.0028611
818,Linear Optimization,IV001,2022/1/19,002624.SZ,STOCK,0.0099396
819,Linear Optimization,IV001,2022/1/19,601231.SH,STOCK,0.02
820,Linear Optimization,IV001,2022/1/19,603288.SH,STOCK,0.02
821,Linear Optimization,IV001,2022/1/19,002709.SZ,STOCK,1.88E-17
822,Linear Optimization,IV001,2022/1/19,601865.SH,STOCK,0.02
823,Linear Optimization,IV001,2022/1/19,000333.SZ,STOCK,0.02
824,Linear Optimization,IV001,2022/1/19,603899.SH,STOCK,0.0028611
825,Linear Optimization,IV001,2022/1/19,002791.SZ,STOCK,0.0130878
826,Linear Optimization,IV001,2022/1/19,603338.SH,STOCK,0.02
827,Linear Optimization,IV001,2022/1/19,002812.SZ,STOCK,0.02
828,Linear Optimization,IV001,2022/1/19,300558.SZ,STOCK,0.02
829,Linear Optimization,IV001,2022/1/19,603501.SH,STOCK,0.0007048
830,Linear Optimization,IV001,2022/1/19,300628.SZ,STOCK,0.0093258
831,Linear Optimization,IV001,2022/1/19,603233.SH,STOCK,0.0132778
832,Linear Optimization,IV001,2022/1/19,601162.SH,STOCK,0.002616
833,Linear Optimization,IV001,2022/1/19,300888.SZ,STOCK,0.0030492
834,Linear Optimization,IV001,2022/1/19,300760.SZ,STOCK,0.02
835,Linear Optimization,IV001,2022/1/19,603259.SH,STOCK,0.02
836,Linear Optimization,IV001,2022/1/19,300750.SZ,STOCK,0.02
837,Linear Optimization,IV001,2022/1/19,601698.SH,STOCK,0.0157014
838,Linear Optimization,IV001,2022/1/19,601138.SH,STOCK,6.94E-18
839,Linear Optimization,IV001,2022/1/19,300866.SZ,STOCK,0.02
840,Linear Optimization,IV001,2022/1/19,601658.SH,STOCK,0.0086962
841,Linear Optimization,IV001,2022/1/19,300999.SZ,STOCK,0.016564
842,Linear Optimization,IV001,2022/1/19,688981.SH,STOCK,0.02
843,Linear Optimization,IV001,2022/1/20,000002.SZ,STOCK,1.39E-17
844,Linear Optimization,IV001,2022/1/20,000066.SZ,STOCK,0.0185011
845,Linear Optimization,IV001,2022/1/20,000425.SZ,STOCK,0.0034531
846,Linear Optimization,IV001,2022/1/20,000568.SZ,STOCK,0.02
847,Linear Optimization,IV001,2022/1/20,000708.SZ,STOCK,0.0067468
848,Linear Optimization,IV001,2022/1/20,000858.SZ,STOCK,0.02
849,Linear Optimization,IV001,2022/1/20,600030.SH,STOCK,0.02
850,Linear Optimization,IV001,2022/1/20,600036.SH,STOCK,0.02
851,Linear Optimization,IV001,2022/1/20,600109.SH,STOCK,0.02
852,Linear Optimization,IV001,2022/1/20,600276.SH,STOCK,1.21E-16
853,Linear Optimization,IV001,2022/1/20,600309.SH,STOCK,0.009572392
854,Linear Optimization,IV001,2022/1/20,600406.SH,STOCK,0.02
855,Linear Optimization,IV001,2022/1/20,600489.SH,STOCK,0.0130759
856,Linear Optimization,IV001,2022/1/20,600519.SH,STOCK,0.02
857,Linear Optimization,IV001,2022/1/20,600690.SH,STOCK,0.0146531
858,Linear Optimization,IV001,2022/1/20,600795.SH,STOCK,0.0043309
859,Linear Optimization,IV001,2022/1/20,600809.SH,STOCK,0.02
860,Linear Optimization,IV001,2022/1/20,600848.SH,STOCK,0.0180477
861,Linear Optimization,IV001,2022/1/20,600872.SH,STOCK,0.02
862,Linear Optimization,IV001,2022/1/20,600900.SH,STOCK,0.02
863,Linear Optimization,IV001,2022/1/20,600143.SH,STOCK,0.007653608
864,Linear Optimization,IV001,2022/1/20,002044.SZ,STOCK,0.02
865,Linear Optimization,IV001,2022/1/20,601988.SH,STOCK,0.02
866,Linear Optimization,IV001,2022/1/20,601398.SH,STOCK,0.02
867,Linear Optimization,IV001,2022/1/20,601628.SH,STOCK,0.02
868,Linear Optimization,IV001,2022/1/20,601318.SH,STOCK,0.02
869,Linear Optimization,IV001,2022/1/20,601919.SH,STOCK,0.0066539
870,Linear Optimization,IV001,2022/1/20,601939.SH,STOCK,0.02
871,Linear Optimization,IV001,2022/1/20,601088.SH,STOCK,0.00606
872,Linear Optimization,IV001,2022/1/20,601857.SH,STOCK,0.0122109
873,Linear Optimization,IV001,2022/1/20,601899.SH,STOCK,0.02
874,Linear Optimization,IV001,2022/1/20,601668.SH,STOCK,0.0145339
875,Linear Optimization,IV001,2022/1/20,601633.SH,STOCK,0.014138
876,Linear Optimization,IV001,2022/1/20,601888.SH,STOCK,0.0118473
877,Linear Optimization,IV001,2022/1/20,002352.SZ,STOCK,0.02
878,Linear Optimization,IV001,2022/1/20,300059.SZ,STOCK,0.02
879,Linear Optimization,IV001,2022/1/20,002415.SZ,STOCK,0.02
880,Linear Optimization,IV001,2022/1/20,002459.SZ,STOCK,0.0136371
881,Linear Optimization,IV001,2022/1/20,601012.SH,STOCK,0.02
882,Linear Optimization,IV001,2022/1/20,601288.SH,STOCK,0.02
883,Linear Optimization,IV001,2022/1/20,002475.SZ,STOCK,0.02
884,Linear Optimization,IV001,2022/1/20,002568.SZ,STOCK,0.0061995
885,Linear Optimization,IV001,2022/1/20,002594.SZ,STOCK,0.02
886,Linear Optimization,IV001,2022/1/20,002607.SZ,STOCK,0.0028611
887,Linear Optimization,IV001,2022/1/20,002624.SZ,STOCK,0.0099396
888,Linear Optimization,IV001,2022/1/20,601231.SH,STOCK,0.02
889,Linear Optimization,IV001,2022/1/20,603288.SH,STOCK,0.02
890,Linear Optimization,IV001,2022/1/20,601865.SH,STOCK,0.02
891,Linear Optimization,IV001,2022/1/20,000333.SZ,STOCK,0.02
892,Linear Optimization,IV001,2022/1/20,603899.SH,STOCK,0.0028611
893,Linear Optimization,IV001,2022/1/20,002791.SZ,STOCK,0.0130878
894,Linear Optimization,IV001,2022/1/20,603338.SH,STOCK,0.02
895,Linear Optimization,IV001,2022/1/20,002812.SZ,STOCK,0.02
896,Linear Optimization,IV001,2022/1/20,300558.SZ,STOCK,0.02
897,Linear Optimization,IV001,2022/1/20,603501.SH,STOCK,0.0007048
898,Linear Optimization,IV001,2022/1/20,300628.SZ,STOCK,0.0093258
899,Linear Optimization,IV001,2022/1/20,603233.SH,STOCK,0.0132778
900,Linear Optimization,IV001,2022/1/20,601162.SH,STOCK,0.002616
901,Linear Optimization,IV001,2022/1/20,300888.SZ,STOCK,0.0030492
902,Linear Optimization,IV001,2022/1/20,300760.SZ,STOCK,0.02
903,Linear Optimization,IV001,2022/1/20,603259.SH,STOCK,0.02
904,Linear Optimization,IV001,2022/1/20,300750.SZ,STOCK,0.02
905,Linear Optimization,IV001,2022/1/20,601698.SH,STOCK,0.0157014
906,Linear Optimization,IV001,2022/1/20,300866.SZ,STOCK,0.02
907,Linear Optimization,IV001,2022/1/20,601658.SH,STOCK,0.0086962
908,Linear Optimization,IV001,2022/1/20,300999.SZ,STOCK,0.016564
909,Linear Optimization,IV001,2022/1/20,688981.SH,STOCK,0.02
910,Linear Optimization,IV001,2022/1/21,000066.SZ,STOCK,0.0185011
911,Linear Optimization,IV001,2022/1/21,000425.SZ,STOCK,0.0034531
912,Linear Optimization,IV001,2022/1/21,000568.SZ,STOCK,0.02
913,Linear Optimization,IV001,2022/1/21,000708.SZ,STOCK,0.0067468
914,Linear Optimization,IV001,2022/1/21,000858.SZ,STOCK,0.02
915,Linear Optimization,IV001,2022/1/21,600030.SH,STOCK,0.02
916,Linear Optimization,IV001,2022/1/21,600036.SH,STOCK,0.02
917,Linear Optimization,IV001,2022/1/21,600109.SH,STOCK,0.02
918,Linear Optimization,IV001,2022/1/21,600309.SH,STOCK,0.015462145
919,Linear Optimization,IV001,2022/1/21,600406.SH,STOCK,0.02
920,Linear Optimization,IV001,2022/1/21,600489.SH,STOCK,0.0130759
921,Linear Optimization,IV001,2022/1/21,600519.SH,STOCK,0.02
922,Linear Optimization,IV001,2022/1/21,600690.SH,STOCK,0.0146531
923,Linear Optimization,IV001,2022/1/21,600795.SH,STOCK,0.0042824
924,Linear Optimization,IV001,2022/1/21,600809.SH,STOCK,0.02
925,Linear Optimization,IV001,2022/1/21,600848.SH,STOCK,0.0180477
926,Linear Optimization,IV001,2022/1/21,600872.SH,STOCK,0.02
927,Linear Optimization,IV001,2022/1/21,600900.SH,STOCK,0.02
928,Linear Optimization,IV001,2022/1/21,600143.SH,STOCK,0.001763855
929,Linear Optimization,IV001,2022/1/21,002044.SZ,STOCK,0.0132778
930,Linear Optimization,IV001,2022/1/21,601988.SH,STOCK,0.02
931,Linear Optimization,IV001,2022/1/21,601398.SH,STOCK,0.02
932,Linear Optimization,IV001,2022/1/21,601628.SH,STOCK,0.02
933,Linear Optimization,IV001,2022/1/21,601318.SH,STOCK,0.02
934,Linear Optimization,IV001,2022/1/21,601919.SH,STOCK,0.0066539
935,Linear Optimization,IV001,2022/1/21,601939.SH,STOCK,0.02
936,Linear Optimization,IV001,2022/1/21,601088.SH,STOCK,0.00606
937,Linear Optimization,IV001,2022/1/21,601857.SH,STOCK,0.0122109
938,Linear Optimization,IV001,2022/1/21,601899.SH,STOCK,0.02
939,Linear Optimization,IV001,2022/1/21,601668.SH,STOCK,0.0145339
940,Linear Optimization,IV001,2022/1/21,601633.SH,STOCK,0.014138
941,Linear Optimization,IV001,2022/1/21,601888.SH,STOCK,0.0118473
942,Linear Optimization,IV001,2022/1/21,002304.SZ,STOCK,6.94E-18
943,Linear Optimization,IV001,2022/1/21,002352.SZ,STOCK,0.02
944,Linear Optimization,IV001,2022/1/21,300059.SZ,STOCK,0.02
945,Linear Optimization,IV001,2022/1/21,002415.SZ,STOCK,0.02
946,Linear Optimization,IV001,2022/1/21,002459.SZ,STOCK,0.0136856
947,Linear Optimization,IV001,2022/1/21,601012.SH,STOCK,0.02
948,Linear Optimization,IV001,2022/1/21,601288.SH,STOCK,0.02
949,Linear Optimization,IV001,2022/1/21,002475.SZ,STOCK,0.02
950,Linear Optimization,IV001,2022/1/21,002568.SZ,STOCK,0.0061995
951,Linear Optimization,IV001,2022/1/21,002594.SZ,STOCK,0.02
952,Linear Optimization,IV001,2022/1/21,002607.SZ,STOCK,0.0028611
953,Linear Optimization,IV001,2022/1/21,002624.SZ,STOCK,0.0099396
954,Linear Optimization,IV001,2022/1/21,601231.SH,STOCK,0.02
955,Linear Optimization,IV001,2022/1/21,603288.SH,STOCK,0.02
956,Linear Optimization,IV001,2022/1/21,002709.SZ,STOCK,6.94E-18
957,Linear Optimization,IV001,2022/1/21,601865.SH,STOCK,0.02
958,Linear Optimization,IV001,2022/1/21,000333.SZ,STOCK,0.02
959,Linear Optimization,IV001,2022/1/21,603899.SH,STOCK,0.0028611
960,Linear Optimization,IV001,2022/1/21,002791.SZ,STOCK,0.0130878
961,Linear Optimization,IV001,2022/1/21,603338.SH,STOCK,0.02
962,Linear Optimization,IV001,2022/1/21,002812.SZ,STOCK,0.02
963,Linear Optimization,IV001,2022/1/21,300558.SZ,STOCK,0.02
964,Linear Optimization,IV001,2022/1/21,603501.SH,STOCK,0.0007048
965,Linear Optimization,IV001,2022/1/21,300628.SZ,STOCK,0.0093258
966,Linear Optimization,IV001,2022/1/21,603233.SH,STOCK,0.02
967,Linear Optimization,IV001,2022/1/21,601162.SH,STOCK,0.002616
968,Linear Optimization,IV001,2022/1/21,300888.SZ,STOCK,0.0030492
969,Linear Optimization,IV001,2022/1/21,300760.SZ,STOCK,0.02
970,Linear Optimization,IV001,2022/1/21,603259.SH,STOCK,0.02
971,Linear Optimization,IV001,2022/1/21,300750.SZ,STOCK,0.02
972,Linear Optimization,IV001,2022/1/21,601698.SH,STOCK,0.0157014
973,Linear Optimization,IV001,2022/1/21,300866.SZ,STOCK,0.02
974,Linear Optimization,IV001,2022/1/21,601658.SH,STOCK,0.0086962
975,Linear Optimization,IV001,2022/1/21,300999.SZ,STOCK,0.016564
976,Linear Optimization,IV001,2022/1/21,601995.SH,STOCK,6.94E-18
977,Linear Optimization,IV001,2022/1/21,688981.SH,STOCK,0.02
978,Linear Optimization,IV001,2022/1/24,000066.SZ,STOCK,0.0185011
979,Linear Optimization,IV001,2022/1/24,000425.SZ,STOCK,0.0034531
980,Linear Optimization,IV001,2022/1/24,000568.SZ,STOCK,0.02
981,Linear Optimization,IV001,2022/1/24,000708.SZ,STOCK,0.0067468
982,Linear Optimization,IV001,2022/1/24,000858.SZ,STOCK,0.02
983,Linear Optimization,IV001,2022/1/24,600030.SH,STOCK,0.02
984,Linear Optimization,IV001,2022/1/24,600036.SH,STOCK,0.02
985,Linear Optimization,IV001,2022/1/24,600109.SH,STOCK,0.02
986,Linear Optimization,IV001,2022/1/24,600309.SH,STOCK,0.012946245
987,Linear Optimization,IV001,2022/1/24,600406.SH,STOCK,0.02
988,Linear Optimization,IV001,2022/1/24,600489.SH,STOCK,0.0130759
989,Linear Optimization,IV001,2022/1/24,600519.SH,STOCK,0.02
990,Linear Optimization,IV001,2022/1/24,600690.SH,STOCK,0.0146531
991,Linear Optimization,IV001,2022/1/24,600795.SH,STOCK,0.0042824
992,Linear Optimization,IV001,2022/1/24,600809.SH,STOCK,0.02
993,Linear Optimization,IV001,2022/1/24,600848.SH,STOCK,0.0180477
994,Linear Optimization,IV001,2022/1/24,600872.SH,STOCK,0.02
995,Linear Optimization,IV001,2022/1/24,600900.SH,STOCK,0.02
996,Linear Optimization,IV001,2022/1/24,600143.SH,STOCK,0.004279755
997,Linear Optimization,IV001,2022/1/24,002044.SZ,STOCK,0.02
998,Linear Optimization,IV001,2022/1/24,601988.SH,STOCK,0.02
999,Linear Optimization,IV001,2022/1/24,601398.SH,STOCK,0.02
1000,Linear Optimization,IV001,2022/1/24,601628.SH,STOCK,0.02
1001,Linear Optimization,IV001,2022/1/24,601318.SH,STOCK,0.02
1002,Linear Optimization,IV001,2022/1/24,601919.SH,STOCK,0.0066539
1003,Linear Optimization,IV001,2022/1/24,601939.SH,STOCK,0.02
1004,Linear Optimization,IV001,2022/1/24,601088.SH,STOCK,0.00606
1005,Linear Optimization,IV001,2022/1/24,601857.SH,STOCK,0.0122109
1006,Linear Optimization,IV001,2022/1/24,601899.SH,STOCK,0.02
1007,Linear Optimization,IV001,2022/1/24,601668.SH,STOCK,0.0145339
1008,Linear Optimization,IV001,2022/1/24,601633.SH,STOCK,0.014138
1009,Linear Optimization,IV001,2022/1/24,601888.SH,STOCK,0.0118473
1010,Linear Optimization,IV001,2022/1/24,002352.SZ,STOCK,0.02
1011,Linear Optimization,IV001,2022/1/24,300059.SZ,STOCK,0.02
1012,Linear Optimization,IV001,2022/1/24,002415.SZ,STOCK,0.02
1013,Linear Optimization,IV001,2022/1/24,002459.SZ,STOCK,0.0136856
1014,Linear Optimization,IV001,2022/1/24,601012.SH,STOCK,0.02
1015,Linear Optimization,IV001,2022/1/24,601288.SH,STOCK,0.02
1016,Linear Optimization,IV001,2022/1/24,002475.SZ,STOCK,0.02
1017,Linear Optimization,IV001,2022/1/24,002568.SZ,STOCK,0.0061995
1018,Linear Optimization,IV001,2022/1/24,002594.SZ,STOCK,0.02
1019,Linear Optimization,IV001,2022/1/24,002607.SZ,STOCK,0.0028611
1020,Linear Optimization,IV001,2022/1/24,002624.SZ,STOCK,0.0099396
1021,Linear Optimization,IV001,2022/1/24,601231.SH,STOCK,0.02
1022,Linear Optimization,IV001,2022/1/24,603288.SH,STOCK,0.02
1023,Linear Optimization,IV001,2022/1/24,601865.SH,STOCK,0.02
1024,Linear Optimization,IV001,2022/1/24,000333.SZ,STOCK,0.02
1025,Linear Optimization,IV001,2022/1/24,603899.SH,STOCK,0.0028611
1026,Linear Optimization,IV001,2022/1/24,002791.SZ,STOCK,0.0130878
1027,Linear Optimization,IV001,2022/1/24,603338.SH,STOCK,0.02
1028,Linear Optimization,IV001,2022/1/24,002812.SZ,STOCK,0.02
1029,Linear Optimization,IV001,2022/1/24,603658.SH,STOCK,0.0132778
1030,Linear Optimization,IV001,2022/1/24,300558.SZ,STOCK,0.02
1031,Linear Optimization,IV001,2022/1/24,603501.SH,STOCK,0.0007048
1032,Linear Optimization,IV001,2022/1/24,300628.SZ,STOCK,0.0093258
1033,Linear Optimization,IV001,2022/1/24,601162.SH,STOCK,0.002616
1034,Linear Optimization,IV001,2022/1/24,300888.SZ,STOCK,0.0030492
1035,Linear Optimization,IV001,2022/1/24,300760.SZ,STOCK,0.02
1036,Linear Optimization,IV001,2022/1/24,603259.SH,STOCK,0.02
1037,Linear Optimization,IV001,2022/1/24,300750.SZ,STOCK,0.02
1038,Linear Optimization,IV001,2022/1/24,601698.SH,STOCK,0.0157014
1039,Linear Optimization,IV001,2022/1/24,300866.SZ,STOCK,0.02
1040,Linear Optimization,IV001,2022/1/24,601658.SH,STOCK,0.0086962
1041,Linear Optimization,IV001,2022/1/24,300999.SZ,STOCK,0.016564
1042,Linear Optimization,IV001,2022/1/24,688981.SH,STOCK,0.02
1043,Linear Optimization,IV001,2022/1/25,000066.SZ,STOCK,0.0185011
1044,Linear Optimization,IV001,2022/1/25,000425.SZ,STOCK,0.0034531
1045,Linear Optimization,IV001,2022/1/25,000568.SZ,STOCK,0.02
1046,Linear Optimization,IV001,2022/1/25,000708.SZ,STOCK,0.0067468
1047,Linear Optimization,IV001,2022/1/25,000858.SZ,STOCK,0.02
1048,Linear Optimization,IV001,2022/1/25,600030.SH,STOCK,0.02
1049,Linear Optimization,IV001,2022/1/25,600036.SH,STOCK,0.02
1050,Linear Optimization,IV001,2022/1/25,600109.SH,STOCK,0.02
1051,Linear Optimization,IV001,2022/1/25,600309.SH,STOCK,0.016822412
1052,Linear Optimization,IV001,2022/1/25,600406.SH,STOCK,0.0136856
1053,Linear Optimization,IV001,2022/1/25,600489.SH,STOCK,0.0130759
1054,Linear Optimization,IV001,2022/1/25,600519.SH,STOCK,0.02
1055,Linear Optimization,IV001,2022/1/25,600585.SH,STOCK,3.28E-18
1056,Linear Optimization,IV001,2022/1/25,600690.SH,STOCK,0.0146531
1057,Linear Optimization,IV001,2022/1/25,600795.SH,STOCK,0.0042824
1058,Linear Optimization,IV001,2022/1/25,600809.SH,STOCK,0.02
1059,Linear Optimization,IV001,2022/1/25,600848.SH,STOCK,0.0180477
1060,Linear Optimization,IV001,2022/1/25,600872.SH,STOCK,0.02
1061,Linear Optimization,IV001,2022/1/25,600900.SH,STOCK,0.02
1062,Linear Optimization,IV001,2022/1/25,600143.SH,STOCK,0.000403588
1063,Linear Optimization,IV001,2022/1/25,002044.SZ,STOCK,0.0132778
1064,Linear Optimization,IV001,2022/1/25,601988.SH,STOCK,0.02
1065,Linear Optimization,IV001,2022/1/25,601398.SH,STOCK,0.02
1066,Linear Optimization,IV001,2022/1/25,601628.SH,STOCK,0.02
1067,Linear Optimization,IV001,2022/1/25,601318.SH,STOCK,0.02
1068,Linear Optimization,IV001,2022/1/25,601919.SH,STOCK,0.0066539
1069,Linear Optimization,IV001,2022/1/25,601939.SH,STOCK,0.02
1070,Linear Optimization,IV001,2022/1/25,601088.SH,STOCK,0.00606
1071,Linear Optimization,IV001,2022/1/25,601857.SH,STOCK,0.0122109
1072,Linear Optimization,IV001,2022/1/25,601899.SH,STOCK,0.02
1073,Linear Optimization,IV001,2022/1/25,601668.SH,STOCK,0.0145339
1074,Linear Optimization,IV001,2022/1/25,601633.SH,STOCK,0.014138
1075,Linear Optimization,IV001,2022/1/25,601888.SH,STOCK,0.0118473
1076,Linear Optimization,IV001,2022/1/25,002352.SZ,STOCK,0.02
1077,Linear Optimization,IV001,2022/1/25,300059.SZ,STOCK,0.02
1078,Linear Optimization,IV001,2022/1/25,002415.SZ,STOCK,0.02
1079,Linear Optimization,IV001,2022/1/25,002459.SZ,STOCK,0.02
1080,Linear Optimization,IV001,2022/1/25,601012.SH,STOCK,0.02
1081,Linear Optimization,IV001,2022/1/25,601288.SH,STOCK,0.02
1082,Linear Optimization,IV001,2022/1/25,002475.SZ,STOCK,0.02
1083,Linear Optimization,IV001,2022/1/25,002568.SZ,STOCK,0.0061995
1084,Linear Optimization,IV001,2022/1/25,002594.SZ,STOCK,0.02
1085,Linear Optimization,IV001,2022/1/25,002607.SZ,STOCK,0.0028611
1086,Linear Optimization,IV001,2022/1/25,002624.SZ,STOCK,0.0099396
1087,Linear Optimization,IV001,2022/1/25,601231.SH,STOCK,0.02
1088,Linear Optimization,IV001,2022/1/25,603288.SH,STOCK,0.02
1089,Linear Optimization,IV001,2022/1/25,002709.SZ,STOCK,1.30E-18
1090,Linear Optimization,IV001,2022/1/25,601865.SH,STOCK,0.02
1091,Linear Optimization,IV001,2022/1/25,000333.SZ,STOCK,0.02
1092,Linear Optimization,IV001,2022/1/25,603899.SH,STOCK,0.0028611
1093,Linear Optimization,IV001,2022/1/25,002791.SZ,STOCK,0.0130878
1094,Linear Optimization,IV001,2022/1/25,603338.SH,STOCK,0.02
1095,Linear Optimization,IV001,2022/1/25,002812.SZ,STOCK,0.02
1096,Linear Optimization,IV001,2022/1/25,603658.SH,STOCK,0.02
1097,Linear Optimization,IV001,2022/1/25,300558.SZ,STOCK,0.02
1098,Linear Optimization,IV001,2022/1/25,603501.SH,STOCK,0.0007048
1099,Linear Optimization,IV001,2022/1/25,300628.SZ,STOCK,0.0093258
1100,Linear Optimization,IV001,2022/1/25,601162.SH,STOCK,0.002616
1101,Linear Optimization,IV001,2022/1/25,300888.SZ,STOCK,0.0030492
1102,Linear Optimization,IV001,2022/1/25,300760.SZ,STOCK,0.02
1103,Linear Optimization,IV001,2022/1/25,603259.SH,STOCK,0.02
1104,Linear Optimization,IV001,2022/1/25,300750.SZ,STOCK,0.02
1105,Linear Optimization,IV001,2022/1/25,601698.SH,STOCK,0.0157014
1106,Linear Optimization,IV001,2022/1/25,300866.SZ,STOCK,0.02
1107,Linear Optimization,IV001,2022/1/25,601658.SH,STOCK,0.0086962
1108,Linear Optimization,IV001,2022/1/25,300999.SZ,STOCK,0.016564
1109,Linear Optimization,IV001,2022/1/25,688981.SH,STOCK,0.02
1110,Linear Optimization,IV001,2022/1/26,000066.SZ,STOCK,0.0185011
1111,Linear Optimization,IV001,2022/1/26,000425.SZ,STOCK,0.0034531
1112,Linear Optimization,IV001,2022/1/26,000568.SZ,STOCK,0.02
1113,Linear Optimization,IV001,2022/1/26,000708.SZ,STOCK,0.0067468
1114,Linear Optimization,IV001,2022/1/26,000858.SZ,STOCK,0.02
1115,Linear Optimization,IV001,2022/1/26,600030.SH,STOCK,0.02
1116,Linear Optimization,IV001,2022/1/26,600036.SH,STOCK,0.02
1117,Linear Optimization,IV001,2022/1/26,600109.SH,STOCK,0.02
1118,Linear Optimization,IV001,2022/1/26,600309.SH,STOCK,0.016584366
1119,Linear Optimization,IV001,2022/1/26,600406.SH,STOCK,0.02
1120,Linear Optimization,IV001,2022/1/26,600489.SH,STOCK,0.0130759
1121,Linear Optimization,IV001,2022/1/26,600519.SH,STOCK,0.02
1122,Linear Optimization,IV001,2022/1/26,600690.SH,STOCK,0.0146531
1123,Linear Optimization,IV001,2022/1/26,600795.SH,STOCK,0.0042824
1124,Linear Optimization,IV001,2022/1/26,600809.SH,STOCK,0.02
1125,Linear Optimization,IV001,2022/1/26,600848.SH,STOCK,0.0180477
1126,Linear Optimization,IV001,2022/1/26,600872.SH,STOCK,0.02
1127,Linear Optimization,IV001,2022/1/26,600900.SH,STOCK,0.02
1128,Linear Optimization,IV001,2022/1/26,600143.SH,STOCK,0.000641634
1129,Linear Optimization,IV001,2022/1/26,002044.SZ,STOCK,0.0132778
1130,Linear Optimization,IV001,2022/1/26,601988.SH,STOCK,0.02
1131,Linear Optimization,IV001,2022/1/26,601398.SH,STOCK,0.02
1132,Linear Optimization,IV001,2022/1/26,601628.SH,STOCK,0.02
1133,Linear Optimization,IV001,2022/1/26,601318.SH,STOCK,0.02
1134,Linear Optimization,IV001,2022/1/26,601919.SH,STOCK,0.0066539
1135,Linear Optimization,IV001,2022/1/26,601939.SH,STOCK,0.02
1136,Linear Optimization,IV001,2022/1/26,601088.SH,STOCK,0.00606
1137,Linear Optimization,IV001,2022/1/26,601857.SH,STOCK,0.0122109
1138,Linear Optimization,IV001,2022/1/26,601601.SH,STOCK,2.08E-17
1139,Linear Optimization,IV001,2022/1/26,601899.SH,STOCK,0.02
1140,Linear Optimization,IV001,2022/1/26,601668.SH,STOCK,0.0145339
1141,Linear Optimization,IV001,2022/1/26,601633.SH,STOCK,0.014138
1142,Linear Optimization,IV001,2022/1/26,601888.SH,STOCK,0.0118473
1143,Linear Optimization,IV001,2022/1/26,002352.SZ,STOCK,0.02
1144,Linear Optimization,IV001,2022/1/26,300059.SZ,STOCK,0.02
1145,Linear Optimization,IV001,2022/1/26,002415.SZ,STOCK,0.02
1146,Linear Optimization,IV001,2022/1/26,002459.SZ,STOCK,0.0136856
1147,Linear Optimization,IV001,2022/1/26,601012.SH,STOCK,0.02
1148,Linear Optimization,IV001,2022/1/26,002460.SZ,STOCK,1.18E-15
1149,Linear Optimization,IV001,2022/1/26,601288.SH,STOCK,0.02
1150,Linear Optimization,IV001,2022/1/26,002475.SZ,STOCK,0.02
1151,Linear Optimization,IV001,2022/1/26,002568.SZ,STOCK,0.0061995
1152,Linear Optimization,IV001,2022/1/26,002594.SZ,STOCK,0.02
1153,Linear Optimization,IV001,2022/1/26,002607.SZ,STOCK,0.0028611
1154,Linear Optimization,IV001,2022/1/26,002624.SZ,STOCK,0.0099396
1155,Linear Optimization,IV001,2022/1/26,601231.SH,STOCK,0.02
1156,Linear Optimization,IV001,2022/1/26,603288.SH,STOCK,0.02
1157,Linear Optimization,IV001,2022/1/26,002709.SZ,STOCK,1.04E-17
1158,Linear Optimization,IV001,2022/1/26,601865.SH,STOCK,0.02
1159,Linear Optimization,IV001,2022/1/26,000333.SZ,STOCK,0.02
1160,Linear Optimization,IV001,2022/1/26,603899.SH,STOCK,0.0028611
1161,Linear Optimization,IV001,2022/1/26,002791.SZ,STOCK,0.0130878
1162,Linear Optimization,IV001,2022/1/26,603338.SH,STOCK,0.02
1163,Linear Optimization,IV001,2022/1/26,002812.SZ,STOCK,0.02
1164,Linear Optimization,IV001,2022/1/26,603658.SH,STOCK,0.02
1165,Linear Optimization,IV001,2022/1/26,300558.SZ,STOCK,0.02
1166,Linear Optimization,IV001,2022/1/26,603501.SH,STOCK,0.0007048
1167,Linear Optimization,IV001,2022/1/26,300628.SZ,STOCK,0.0093258
1168,Linear Optimization,IV001,2022/1/26,601162.SH,STOCK,0.002616
1169,Linear Optimization,IV001,2022/1/26,300888.SZ,STOCK,0.0030492
1170,Linear Optimization,IV001,2022/1/26,300760.SZ,STOCK,0.02
1171,Linear Optimization,IV001,2022/1/26,603259.SH,STOCK,0.02
1172,Linear Optimization,IV001,2022/1/26,300750.SZ,STOCK,0.02
1173,Linear Optimization,IV001,2022/1/26,601698.SH,STOCK,0.0157014
1174,Linear Optimization,IV001,2022/1/26,300866.SZ,STOCK,0.02
1175,Linear Optimization,IV001,2022/1/26,601658.SH,STOCK,0.0086962
1176,Linear Optimization,IV001,2022/1/26,300999.SZ,STOCK,0.016564
1177,Linear Optimization,IV001,2022/1/26,688981.SH,STOCK,0.02
1178,Linear Optimization,IV001,2022/1/27,000066.SZ,STOCK,0.0185011
1179,Linear Optimization,IV001,2022/1/27,000425.SZ,STOCK,0.0034531
1180,Linear Optimization,IV001,2022/1/27,000568.SZ,STOCK,0.02
1181,Linear Optimization,IV001,2022/1/27,000708.SZ,STOCK,0.0067468
1182,Linear Optimization,IV001,2022/1/27,000725.SZ,STOCK,7.61E-16
1183,Linear Optimization,IV001,2022/1/27,000858.SZ,STOCK,0.02
1184,Linear Optimization,IV001,2022/1/27,600030.SH,STOCK,0.02
1185,Linear Optimization,IV001,2022/1/27,600036.SH,STOCK,0.02
1186,Linear Optimization,IV001,2022/1/27,600109.SH,STOCK,0.019824679
1187,Linear Optimization,IV001,2022/1/27,600309.SH,STOCK,0.017226
1188,Linear Optimization,IV001,2022/1/27,600406.SH,STOCK,0.02
1189,Linear Optimization,IV001,2022/1/27,600489.SH,STOCK,0.0130759
1190,Linear Optimization,IV001,2022/1/27,600519.SH,STOCK,0.02
1191,Linear Optimization,IV001,2022/1/27,600690.SH,STOCK,0.0146531
1192,Linear Optimization,IV001,2022/1/27,600795.SH,STOCK,0.0042824
1193,Linear Optimization,IV001,2022/1/27,600809.SH,STOCK,0.02
1194,Linear Optimization,IV001,2022/1/27,600848.SH,STOCK,0.0180477
1195,Linear Optimization,IV001,2022/1/27,600872.SH,STOCK,0.02
1196,Linear Optimization,IV001,2022/1/27,600887.SH,STOCK,3.47E-18
1197,Linear Optimization,IV001,2022/1/27,600900.SH,STOCK,0.02
1198,Linear Optimization,IV001,2022/1/27,002044.SZ,STOCK,2.08E-17
1199,Linear Optimization,IV001,2022/1/27,601988.SH,STOCK,0.02
1200,Linear Optimization,IV001,2022/1/27,601398.SH,STOCK,0.02
1201,Linear Optimization,IV001,2022/1/27,601628.SH,STOCK,0.02
1202,Linear Optimization,IV001,2022/1/27,601318.SH,STOCK,0.02
1203,Linear Optimization,IV001,2022/1/27,601919.SH,STOCK,0.0066539
1204,Linear Optimization,IV001,2022/1/27,601939.SH,STOCK,0.02
1205,Linear Optimization,IV001,2022/1/27,601088.SH,STOCK,0.00606
1206,Linear Optimization,IV001,2022/1/27,601857.SH,STOCK,0.0122109
1207,Linear Optimization,IV001,2022/1/27,601601.SH,STOCK,0.002791321
1208,Linear Optimization,IV001,2022/1/27,601899.SH,STOCK,0.02
1209,Linear Optimization,IV001,2022/1/27,601668.SH,STOCK,0.0145339
1210,Linear Optimization,IV001,2022/1/27,601633.SH,STOCK,0.014138
1211,Linear Optimization,IV001,2022/1/27,601888.SH,STOCK,0.0118473
1212,Linear Optimization,IV001,2022/1/27,002304.SZ,STOCK,3.47E-18
1213,Linear Optimization,IV001,2022/1/27,002352.SZ,STOCK,0.02
1214,Linear Optimization,IV001,2022/1/27,300059.SZ,STOCK,0.02
1215,Linear Optimization,IV001,2022/1/27,002415.SZ,STOCK,0.02
1216,Linear Optimization,IV001,2022/1/27,002459.SZ,STOCK,0.0136856
1217,Linear Optimization,IV001,2022/1/27,601012.SH,STOCK,0.02
1218,Linear Optimization,IV001,2022/1/27,601288.SH,STOCK,0.02
1219,Linear Optimization,IV001,2022/1/27,002475.SZ,STOCK,0.02
1220,Linear Optimization,IV001,2022/1/27,002568.SZ,STOCK,0.0061995
1221,Linear Optimization,IV001,2022/1/27,002594.SZ,STOCK,0.02
1222,Linear Optimization,IV001,2022/1/27,002607.SZ,STOCK,0.0028611
1223,Linear Optimization,IV001,2022/1/27,002624.SZ,STOCK,0.0099396
1224,Linear Optimization,IV001,2022/1/27,601231.SH,STOCK,0.02
1225,Linear Optimization,IV001,2022/1/27,603288.SH,STOCK,0.02
1226,Linear Optimization,IV001,2022/1/27,002709.SZ,STOCK,3.47E-18
1227,Linear Optimization,IV001,2022/1/27,601865.SH,STOCK,0.02
1228,Linear Optimization,IV001,2022/1/27,000333.SZ,STOCK,0.02
1229,Linear Optimization,IV001,2022/1/27,603899.SH,STOCK,0.0028611
1230,Linear Optimization,IV001,2022/1/27,002791.SZ,STOCK,0.0130878
1231,Linear Optimization,IV001,2022/1/27,603338.SH,STOCK,0.02
1232,Linear Optimization,IV001,2022/1/27,002812.SZ,STOCK,0.02
1233,Linear Optimization,IV001,2022/1/27,603658.SH,STOCK,0.02
1234,Linear Optimization,IV001,2022/1/27,300558.SZ,STOCK,0.02
1235,Linear Optimization,IV001,2022/1/27,603501.SH,STOCK,0.0007048
1236,Linear Optimization,IV001,2022/1/27,300628.SZ,STOCK,0.0093258
1237,Linear Optimization,IV001,2022/1/27,603233.SH,STOCK,0.0132778
1238,Linear Optimization,IV001,2022/1/27,300888.SZ,STOCK,0.0030492
1239,Linear Optimization,IV001,2022/1/27,300760.SZ,STOCK,0.02
1240,Linear Optimization,IV001,2022/1/27,603259.SH,STOCK,0.02
1241,Linear Optimization,IV001,2022/1/27,300750.SZ,STOCK,0.02
1242,Linear Optimization,IV001,2022/1/27,601698.SH,STOCK,0.0157014
1243,Linear Optimization,IV001,2022/1/27,300866.SZ,STOCK,0.02
1244,Linear Optimization,IV001,2022/1/27,601658.SH,STOCK,0.0086962
1245,Linear Optimization,IV001,2022/1/27,300999.SZ,STOCK,0.016564
1246,Linear Optimization,IV001,2022/1/27,688981.SH,STOCK,0.02
1247,Linear Optimization,IV001,2022/1/28,000002.SZ,STOCK,6.73E-05
1248,Linear Optimization,IV001,2022/1/28,000066.SZ,STOCK,0.0177883
1249,Linear Optimization,IV001,2022/1/28,000425.SZ,STOCK,0.0030472
1250,Linear Optimization,IV001,2022/1/28,000568.SZ,STOCK,0.02
1251,Linear Optimization,IV001,2022/1/28,000708.SZ,STOCK,0.0067973
1252,Linear Optimization,IV001,2022/1/28,000858.SZ,STOCK,0.02
1253,Linear Optimization,IV001,2022/1/28,600030.SH,STOCK,0.02
1254,Linear Optimization,IV001,2022/1/28,600036.SH,STOCK,0.02
1255,Linear Optimization,IV001,2022/1/28,600109.SH,STOCK,0.014902698
1256,Linear Optimization,IV001,2022/1/28,600309.SH,STOCK,0.0168993
1257,Linear Optimization,IV001,2022/1/28,600406.SH,STOCK,0.02
1258,Linear Optimization,IV001,2022/1/28,600489.SH,STOCK,0.0124621
1259,Linear Optimization,IV001,2022/1/28,600519.SH,STOCK,0.02
1260,Linear Optimization,IV001,2022/1/28,600585.SH,STOCK,6.94E-18
1261,Linear Optimization,IV001,2022/1/28,600690.SH,STOCK,0.0163802
1262,Linear Optimization,IV001,2022/1/28,600795.SH,STOCK,0.0035764
1263,Linear Optimization,IV001,2022/1/28,600809.SH,STOCK,0.02
1264,Linear Optimization,IV001,2022/1/28,600848.SH,STOCK,0.02
1265,Linear Optimization,IV001,2022/1/28,600872.SH,STOCK,0.02
1266,Linear Optimization,IV001,2022/1/28,600900.SH,STOCK,0.02
1267,Linear Optimization,IV001,2022/1/28,601988.SH,STOCK,0.02
1268,Linear Optimization,IV001,2022/1/28,601398.SH,STOCK,0.02
1269,Linear Optimization,IV001,2022/1/28,601628.SH,STOCK,0.02
1270,Linear Optimization,IV001,2022/1/28,601166.SH,STOCK,0.0006142
1271,Linear Optimization,IV001,2022/1/28,601318.SH,STOCK,0.02
1272,Linear Optimization,IV001,2022/1/28,601919.SH,STOCK,0.0083507
1273,Linear Optimization,IV001,2022/1/28,601939.SH,STOCK,0.02
1274,Linear Optimization,IV001,2022/1/28,601088.SH,STOCK,0.0065953
1275,Linear Optimization,IV001,2022/1/28,601857.SH,STOCK,0.0130088
1276,Linear Optimization,IV001,2022/1/28,601601.SH,STOCK,0.009824202
1277,Linear Optimization,IV001,2022/1/28,601899.SH,STOCK,0.02
1278,Linear Optimization,IV001,2022/1/28,601668.SH,STOCK,0.0164428
1279,Linear Optimization,IV001,2022/1/28,601633.SH,STOCK,0.0123402
1280,Linear Optimization,IV001,2022/1/28,601888.SH,STOCK,0.0120493
1281,Linear Optimization,IV001,2022/1/28,002304.SZ,STOCK,6.94E-18
1282,Linear Optimization,IV001,2022/1/28,002352.SZ,STOCK,0.02
1283,Linear Optimization,IV001,2022/1/28,300059.SZ,STOCK,0.02
1284,Linear Optimization,IV001,2022/1/28,002415.SZ,STOCK,0.02
1285,Linear Optimization,IV001,2022/1/28,002459.SZ,STOCK,0.0122514
1286,Linear Optimization,IV001,2022/1/28,601012.SH,STOCK,0.02
1287,Linear Optimization,IV001,2022/1/28,601288.SH,STOCK,0.02
1288,Linear Optimization,IV001,2022/1/28,002475.SZ,STOCK,0.02
1289,Linear Optimization,IV001,2022/1/28,002568.SZ,STOCK,0.0035836
1290,Linear Optimization,IV001,2022/1/28,002594.SZ,STOCK,0.02
1291,Linear Optimization,IV001,2022/1/28,002607.SZ,STOCK,0.0029799
1292,Linear Optimization,IV001,2022/1/28,002624.SZ,STOCK,0.0088011
1293,Linear Optimization,IV001,2022/1/28,601231.SH,STOCK,0.02
1294,Linear Optimization,IV001,2022/1/28,603288.SH,STOCK,0.02
1295,Linear Optimization,IV001,2022/1/28,002709.SZ,STOCK,4.34E-19
1296,Linear Optimization,IV001,2022/1/28,601865.SH,STOCK,0.02
1297,Linear Optimization,IV001,2022/1/28,000333.SZ,STOCK,0.02
1298,Linear Optimization,IV001,2022/1/28,603899.SH,STOCK,0.002772
1299,Linear Optimization,IV001,2022/1/28,002791.SZ,STOCK,0.0132165
1300,Linear Optimization,IV001,2022/1/28,603338.SH,STOCK,0.02
1301,Linear Optimization,IV001,2022/1/28,002812.SZ,STOCK,0.02
1302,Linear Optimization,IV001,2022/1/28,300558.SZ,STOCK,0.02
1303,Linear Optimization,IV001,2022/1/28,603501.SH,STOCK,4.25E-16
1304,Linear Optimization,IV001,2022/1/28,300628.SZ,STOCK,0.0093159
1305,Linear Optimization,IV001,2022/1/28,603233.SH,STOCK,0.02
1306,Linear Optimization,IV001,2022/1/28,300888.SZ,STOCK,0.0027027
1307,Linear Optimization,IV001,2022/1/28,300677.SZ,STOCK,0.0045361
1308,Linear Optimization,IV001,2022/1/28,300760.SZ,STOCK,0.02
1309,Linear Optimization,IV001,2022/1/28,603259.SH,STOCK,0.02
1310,Linear Optimization,IV001,2022/1/28,300750.SZ,STOCK,0.02
1311,Linear Optimization,IV001,2022/1/28,601698.SH,STOCK,0.0138699
1312,Linear Optimization,IV001,2022/1/28,300866.SZ,STOCK,0.0167052
1313,Linear Optimization,IV001,2022/1/28,601658.SH,STOCK,0.02
1314,Linear Optimization,IV001,2022/1/28,300999.SZ,STOCK,0.0181194
1315,Linear Optimization,IV001,2022/1/28,688981.SH,STOCK,0.02
